{"metadata":{"asset_id":"c266d47d-08f4-4a4e-a134-8bf94579eaa1","asset_attributes":["data_asset"],"name":"medications.csv","asset_type":"data_asset","created_at":"2020-11-12T13:25:20Z","description":"","origin_country":"us","owner_id":"1000331001","project_id":"72305cd4-f2d6-4532-a858-e830be9e9c1f","sandbox_id":"72305cd4-f2d6-4532-a858-e830be9e9c1f","size":6816837,"tags":[],"usage":{"last_update_time":1605187520609,"last_updated_at":"2020-11-12T13:25:20Z"}},"entity":{"data_asset":{"mime_type":"text/csv","dataset":false}},"attachments":[{"id":"0172c2a8-afc7-4322-883f-87ec7e3492e0","version":2,"asset_type":"data_asset","name":"medications.csv","mime":"text/csv","object_key":"data_asset/medications.csv","create_time":1605187520608,"size":6816837,"is_remote":false,"is_managed":false,"is_referenced":true,"is_object_key_read_only":true,"is_user_provided_path_key":true,"transfer_complete":true,"is_partitioned":false,"complete_time_ticks":1605187520608,"user_data":{},"test_doc":0,"handle":{"key":"data_asset/medications.csv","upload_id":"done","max_part_num":1},"usage":{"access_count":0,"last_accessor_id":"1000331001","last_access_time":1605187520608}}]}