{"metadata":{"asset_id":"6a6ac46a-4e74-443a-9991-5c674b76130c","asset_attributes":["data_asset"],"name":"medications.csv","asset_type":"data_asset","created_at":"2020-12-11T11:48:38Z","description":"","origin_country":"us","owner_id":"1000331001","project_id":"2c85d2be-53fb-4a3b-a9de-e9d63620dd26","size":6816837,"tags":[],"usage":{"last_update_time":1607687318910,"last_updated_at":"2020-12-11T11:48:38Z"}},"entity":{"data_asset":{"mime_type":"text/csv","dataset":false}},"attachments":[{"id":"2ec26afc-1c11-4e14-ace0-8a0df51142a9","version":2,"asset_type":"data_asset","name":"medications.csv","mime":"text/csv","datasource_type":"81bafdbd-b7c6-45c5-a4fd-6ec135f66f4e","object_key":"data_asset/medications.csv","creator_id":"icp4d-dev","create_time":1607687318772,"size":6816837,"is_remote":false,"is_managed":false,"is_referenced":true,"is_object_key_read_only":false,"is_user_provided_path_key":true,"transfer_complete":true,"is_partitioned":false,"complete_time_ticks":1607687318772,"user_data":{},"test_doc":0,"handle":{"key":"data_asset/medications.csv","upload_id":"done","max_part_num":1},"usage":{"access_count":0,"last_accessor_id":"icp4d-dev","last_access_time":1607687318772}}]}