{"metadata":{"asset_id":"37afb9ab-bdb0-4520-89fe-89bfd64d3178","asset_attributes":["data_asset"],"name":"conditions.csv","asset_type":"data_asset","created_at":"2020-12-11T11:48:38Z","description":"","origin_country":"us","owner_id":"1000331001","project_id":"2c85d2be-53fb-4a3b-a9de-e9d63620dd26","size":2665127,"tags":[],"usage":{"last_update_time":1607687318993,"last_updated_at":"2020-12-11T11:48:38Z"}},"entity":{"data_asset":{"mime_type":"text/csv","dataset":false}},"attachments":[{"id":"2a2272be-909b-42bf-9846-ac72d0298d6a","version":2,"asset_type":"data_asset","name":"conditions.csv","mime":"text/csv","datasource_type":"81bafdbd-b7c6-45c5-a4fd-6ec135f66f4e","object_key":"data_asset/conditions.csv","creator_id":"icp4d-dev","create_time":1607687318843,"size":2665127,"is_remote":false,"is_managed":false,"is_referenced":true,"is_object_key_read_only":false,"is_user_provided_path_key":true,"transfer_complete":true,"is_partitioned":false,"complete_time_ticks":1607687318843,"user_data":{},"test_doc":0,"handle":{"key":"data_asset/conditions.csv","upload_id":"done","max_part_num":1},"usage":{"access_count":0,"last_accessor_id":"icp4d-dev","last_access_time":1607687318843}}]}