START,STOP,PATIENT,ENCOUNTER,CODE,DESCRIPTION
1973-11-02,,c791450e-f494-4776-a4c8-3066efb64872,f379c37d-ed37-42e4-99b3-5b03f295563a,300913006,Shellfish allergy
1978-06-06,,973dba85-ea31-4bb6-9587-5d6c16bc88b2,08277458-f652-4a05-b919-6cf28a9c3748,91935009,Allergy to peanuts
1984-08-21,,85af28a4-c7f1-4949-8fcb-08ef10637d05,303c488d-8f8f-4a86-b450-8dbba113f3ff,419474003,Allergy to mould
1984-08-21,,85af28a4-c7f1-4949-8fcb-08ef10637d05,303c488d-8f8f-4a86-b450-8dbba113f3ff,91935009,Allergy to peanuts
2007-10-05,,7e758589-b3f3-4eb4-870d-dfeb156a3657,6be7edb7-914a-4aa0-b72c-3bf8fb33e5e4,419474003,Allergy to mould
1996-03-25,2011-09-24,c9439ac8-2d4f-4443-831f-af447eb12395,21224c06-225d-49a9-9379-bceeeb8d162e,419263009,Allergy to tree pollen
1996-03-25,2012-05-17,c9439ac8-2d4f-4443-831f-af447eb12395,21224c06-225d-49a9-9379-bceeeb8d162e,714035009,Allergy to soya
2000-03-12,,f6189e3b-00ca-4a81-aa58-aa988c1b7536,65c6417b-5d0a-4513-99c1-5dcea2be1d20,424213003,Allergy to bee venom
2000-03-12,,f6189e3b-00ca-4a81-aa58-aa988c1b7536,65c6417b-5d0a-4513-99c1-5dcea2be1d20,419474003,Allergy to mould
2000-03-12,,f6189e3b-00ca-4a81-aa58-aa988c1b7536,65c6417b-5d0a-4513-99c1-5dcea2be1d20,232350006,House dust mite allergy
2000-03-12,2015-10-09,f6189e3b-00ca-4a81-aa58-aa988c1b7536,65c6417b-5d0a-4513-99c1-5dcea2be1d20,232347008,Dander (animal) allergy
2000-03-12,,f6189e3b-00ca-4a81-aa58-aa988c1b7536,65c6417b-5d0a-4513-99c1-5dcea2be1d20,425525006,Allergy to dairy product
2000-03-12,,f6189e3b-00ca-4a81-aa58-aa988c1b7536,65c6417b-5d0a-4513-99c1-5dcea2be1d20,91935009,Allergy to peanuts
1948-05-31,,55265e4e-a28d-475a-a4c0-34db500e8486,914fbe06-d2a5-4036-8b95-265709807248,417532002,Allergy to fish
1939-06-29,1993-07-07,f23078ae-7a3d-45ca-80f5-71fb4b826d7c,b66616d5-b109-46fe-9b08-b6631e8eb134,232347008,Dander (animal) allergy
1939-06-29,1956-07-19,f23078ae-7a3d-45ca-80f5-71fb4b826d7c,b66616d5-b109-46fe-9b08-b6631e8eb134,420174000,Allergy to wheat
1977-10-01,1994-09-20,c16dd4ec-e709-42b0-9f6b-f69ee0054bd8,b9262efc-9eeb-4618-bf51-127d181841dc,300916003,Latex allergy
1977-10-01,1993-07-06,c16dd4ec-e709-42b0-9f6b-f69ee0054bd8,b9262efc-9eeb-4618-bf51-127d181841dc,419474003,Allergy to mould
1977-10-01,1993-07-06,c16dd4ec-e709-42b0-9f6b-f69ee0054bd8,b9262efc-9eeb-4618-bf51-127d181841dc,232350006,House dust mite allergy
1977-10-01,1993-07-06,c16dd4ec-e709-42b0-9f6b-f69ee0054bd8,b9262efc-9eeb-4618-bf51-127d181841dc,232347008,Dander (animal) allergy
1977-10-01,1993-07-06,c16dd4ec-e709-42b0-9f6b-f69ee0054bd8,b9262efc-9eeb-4618-bf51-127d181841dc,419263009,Allergy to tree pollen
1977-10-01,,c16dd4ec-e709-42b0-9f6b-f69ee0054bd8,b9262efc-9eeb-4618-bf51-127d181841dc,300913006,Shellfish allergy
1977-10-01,,c16dd4ec-e709-42b0-9f6b-f69ee0054bd8,b9262efc-9eeb-4618-bf51-127d181841dc,91935009,Allergy to peanuts
1993-06-05,,9089e6b4-6278-497c-bc26-c21074608167,81afdf49-b649-4be3-9cf7-7cf2c8155b4a,300913006,Shellfish allergy
2004-06-10,,58290054-5a4c-4e82-897c-eed932830136,ec90081d-d348-448f-9bdd-82c5a9eddb7b,419474003,Allergy to mould
2004-06-10,,58290054-5a4c-4e82-897c-eed932830136,ec90081d-d348-448f-9bdd-82c5a9eddb7b,232350006,House dust mite allergy
2004-06-10,,58290054-5a4c-4e82-897c-eed932830136,ec90081d-d348-448f-9bdd-82c5a9eddb7b,232347008,Dander (animal) allergy
2004-06-10,,58290054-5a4c-4e82-897c-eed932830136,ec90081d-d348-448f-9bdd-82c5a9eddb7b,418689008,Allergy to grass pollen
2004-06-10,,58290054-5a4c-4e82-897c-eed932830136,ec90081d-d348-448f-9bdd-82c5a9eddb7b,419263009,Allergy to tree pollen
2004-06-10,,58290054-5a4c-4e82-897c-eed932830136,ec90081d-d348-448f-9bdd-82c5a9eddb7b,425525006,Allergy to dairy product
2004-06-10,,58290054-5a4c-4e82-897c-eed932830136,ec90081d-d348-448f-9bdd-82c5a9eddb7b,300913006,Shellfish allergy
2004-06-10,,58290054-5a4c-4e82-897c-eed932830136,ec90081d-d348-448f-9bdd-82c5a9eddb7b,91934008,Allergy to nut
2004-06-10,,58290054-5a4c-4e82-897c-eed932830136,ec90081d-d348-448f-9bdd-82c5a9eddb7b,91935009,Allergy to peanuts
1987-11-11,,54285526-9007-49da-acc7-0bdaa6e6e0b1,71a25772-9d8f-42e4-9a5b-50d81fb4da34,300913006,Shellfish allergy
1960-12-31,,98e53ea7-d339-4628-a9f6-63b855289dbc,ec4542ea-caab-4544-95ba-f292645c7df3,418689008,Allergy to grass pollen
1965-10-13,1982-05-04,5fc6f5b1-7960-4cf7-aea1-76cb904ec30d,847d2124-f778-45a3-b3a4-afd40bc5b469,300916003,Latex allergy
1965-10-13,1993-07-04,5fc6f5b1-7960-4cf7-aea1-76cb904ec30d,847d2124-f778-45a3-b3a4-afd40bc5b469,419474003,Allergy to mould
1965-10-13,1993-07-04,5fc6f5b1-7960-4cf7-aea1-76cb904ec30d,847d2124-f778-45a3-b3a4-afd40bc5b469,232350006,House dust mite allergy
1965-10-13,,5fc6f5b1-7960-4cf7-aea1-76cb904ec30d,847d2124-f778-45a3-b3a4-afd40bc5b469,232347008,Dander (animal) allergy
1965-10-13,1993-07-04,5fc6f5b1-7960-4cf7-aea1-76cb904ec30d,847d2124-f778-45a3-b3a4-afd40bc5b469,418689008,Allergy to grass pollen
1965-10-13,1993-07-04,5fc6f5b1-7960-4cf7-aea1-76cb904ec30d,847d2124-f778-45a3-b3a4-afd40bc5b469,419263009,Allergy to tree pollen
1965-10-13,,5fc6f5b1-7960-4cf7-aea1-76cb904ec30d,847d2124-f778-45a3-b3a4-afd40bc5b469,425525006,Allergy to dairy product
1965-10-13,,5fc6f5b1-7960-4cf7-aea1-76cb904ec30d,847d2124-f778-45a3-b3a4-afd40bc5b469,300913006,Shellfish allergy
2002-08-21,,2eab5804-fa7c-4a32-b870-c554a3a0af90,be29db0e-7d3f-4d31-9bd5-298e2b9baab6,419474003,Allergy to mould
2002-08-21,,2eab5804-fa7c-4a32-b870-c554a3a0af90,be29db0e-7d3f-4d31-9bd5-298e2b9baab6,232350006,House dust mite allergy
2002-08-21,,2eab5804-fa7c-4a32-b870-c554a3a0af90,be29db0e-7d3f-4d31-9bd5-298e2b9baab6,232347008,Dander (animal) allergy
2002-08-21,,2eab5804-fa7c-4a32-b870-c554a3a0af90,be29db0e-7d3f-4d31-9bd5-298e2b9baab6,418689008,Allergy to grass pollen
2002-08-21,,2eab5804-fa7c-4a32-b870-c554a3a0af90,be29db0e-7d3f-4d31-9bd5-298e2b9baab6,419263009,Allergy to tree pollen
2002-08-21,,2eab5804-fa7c-4a32-b870-c554a3a0af90,be29db0e-7d3f-4d31-9bd5-298e2b9baab6,91930004,Allergy to eggs
1940-11-09,,abd49ef4-1fc0-4f0d-ab7e-e2c58a6e523b,2d756694-3bf6-4bec-9115-71072f7988a3,419474003,Allergy to mould
1940-11-09,,abd49ef4-1fc0-4f0d-ab7e-e2c58a6e523b,2d756694-3bf6-4bec-9115-71072f7988a3,232350006,House dust mite allergy
1940-11-09,,abd49ef4-1fc0-4f0d-ab7e-e2c58a6e523b,2d756694-3bf6-4bec-9115-71072f7988a3,232347008,Dander (animal) allergy
1940-11-09,1957-09-05,abd49ef4-1fc0-4f0d-ab7e-e2c58a6e523b,2d756694-3bf6-4bec-9115-71072f7988a3,91930004,Allergy to eggs
1984-02-11,,53f8704e-d71b-4545-934b-f46492b50ef0,a7e4e44a-3bff-4dfd-b7cc-64701f78f655,424213003,Allergy to bee venom
1984-02-11,1999-06-17,53f8704e-d71b-4545-934b-f46492b50ef0,a7e4e44a-3bff-4dfd-b7cc-64701f78f655,419474003,Allergy to mould
1984-02-11,1999-06-17,53f8704e-d71b-4545-934b-f46492b50ef0,a7e4e44a-3bff-4dfd-b7cc-64701f78f655,232347008,Dander (animal) allergy
1984-02-11,1999-06-17,53f8704e-d71b-4545-934b-f46492b50ef0,a7e4e44a-3bff-4dfd-b7cc-64701f78f655,418689008,Allergy to grass pollen
1984-02-11,,53f8704e-d71b-4545-934b-f46492b50ef0,a7e4e44a-3bff-4dfd-b7cc-64701f78f655,419263009,Allergy to tree pollen
1984-02-11,,53f8704e-d71b-4545-934b-f46492b50ef0,a7e4e44a-3bff-4dfd-b7cc-64701f78f655,425525006,Allergy to dairy product
1984-02-11,2000-02-19,53f8704e-d71b-4545-934b-f46492b50ef0,a7e4e44a-3bff-4dfd-b7cc-64701f78f655,91930004,Allergy to eggs
2002-12-07,,401c2eab-c1f3-4cba-a662-bdacad099dff,1e6a4bc0-59d4-43ab-900f-3d7fd1cb5284,300916003,Latex allergy
2002-12-07,,401c2eab-c1f3-4cba-a662-bdacad099dff,1e6a4bc0-59d4-43ab-900f-3d7fd1cb5284,419474003,Allergy to mould
2002-12-07,,401c2eab-c1f3-4cba-a662-bdacad099dff,1e6a4bc0-59d4-43ab-900f-3d7fd1cb5284,232347008,Dander (animal) allergy
2002-12-07,,401c2eab-c1f3-4cba-a662-bdacad099dff,1e6a4bc0-59d4-43ab-900f-3d7fd1cb5284,419263009,Allergy to tree pollen
2002-12-07,,401c2eab-c1f3-4cba-a662-bdacad099dff,1e6a4bc0-59d4-43ab-900f-3d7fd1cb5284,417532002,Allergy to fish
1955-01-10,,58b91683-aa44-42e8-9969-4dce72f4cbca,1e53af24-d639-411f-95b0-6f196986454d,424213003,Allergy to bee venom
1964-01-19,1980-04-20,e528d7f7-19d4-4e5a-abd5-d31796725b02,cd726400-b5f9-43a0-83bb-f1292c087391,300916003,Latex allergy
1964-01-19,1993-07-09,e528d7f7-19d4-4e5a-abd5-d31796725b02,cd726400-b5f9-43a0-83bb-f1292c087391,419474003,Allergy to mould
1964-01-19,,e528d7f7-19d4-4e5a-abd5-d31796725b02,cd726400-b5f9-43a0-83bb-f1292c087391,232350006,House dust mite allergy
1964-01-19,,e528d7f7-19d4-4e5a-abd5-d31796725b02,cd726400-b5f9-43a0-83bb-f1292c087391,232347008,Dander (animal) allergy
1964-01-19,1993-07-09,e528d7f7-19d4-4e5a-abd5-d31796725b02,cd726400-b5f9-43a0-83bb-f1292c087391,418689008,Allergy to grass pollen
1964-01-19,,e528d7f7-19d4-4e5a-abd5-d31796725b02,cd726400-b5f9-43a0-83bb-f1292c087391,419263009,Allergy to tree pollen
1964-01-19,1980-04-20,e528d7f7-19d4-4e5a-abd5-d31796725b02,cd726400-b5f9-43a0-83bb-f1292c087391,425525006,Allergy to dairy product
1964-01-19,1980-04-20,e528d7f7-19d4-4e5a-abd5-d31796725b02,cd726400-b5f9-43a0-83bb-f1292c087391,420174000,Allergy to wheat
1964-01-19,,e528d7f7-19d4-4e5a-abd5-d31796725b02,cd726400-b5f9-43a0-83bb-f1292c087391,91934008,Allergy to nut
2016-04-19,,444db76f-4f99-4264-8952-4304ebaf2a4c,d20fa9ab-1313-44fb-9f35-468a67eb5cce,424213003,Allergy to bee venom
2016-04-19,,444db76f-4f99-4264-8952-4304ebaf2a4c,d20fa9ab-1313-44fb-9f35-468a67eb5cce,419474003,Allergy to mould
2016-04-19,,444db76f-4f99-4264-8952-4304ebaf2a4c,d20fa9ab-1313-44fb-9f35-468a67eb5cce,232350006,House dust mite allergy
2016-04-19,,444db76f-4f99-4264-8952-4304ebaf2a4c,d20fa9ab-1313-44fb-9f35-468a67eb5cce,232347008,Dander (animal) allergy
2016-04-19,,444db76f-4f99-4264-8952-4304ebaf2a4c,d20fa9ab-1313-44fb-9f35-468a67eb5cce,418689008,Allergy to grass pollen
2016-04-19,,444db76f-4f99-4264-8952-4304ebaf2a4c,d20fa9ab-1313-44fb-9f35-468a67eb5cce,91934008,Allergy to nut
2009-07-10,,641e0195-f8f0-4677-86bb-3185c1d6080c,a705cc5e-3d51-460c-8a71-bab60ef7947f,419474003,Allergy to mould
2009-07-10,,641e0195-f8f0-4677-86bb-3185c1d6080c,a705cc5e-3d51-460c-8a71-bab60ef7947f,232350006,House dust mite allergy
2017-03-13,,247ee5a5-4fac-4e95-a909-be9e91fe1373,e72903e1-2f71-4736-8e96-35287382e6d2,419474003,Allergy to mould
2017-03-13,,247ee5a5-4fac-4e95-a909-be9e91fe1373,e72903e1-2f71-4736-8e96-35287382e6d2,232350006,House dust mite allergy
2017-03-13,,247ee5a5-4fac-4e95-a909-be9e91fe1373,e72903e1-2f71-4736-8e96-35287382e6d2,232347008,Dander (animal) allergy
2017-03-13,,247ee5a5-4fac-4e95-a909-be9e91fe1373,e72903e1-2f71-4736-8e96-35287382e6d2,418689008,Allergy to grass pollen
2017-03-13,,247ee5a5-4fac-4e95-a909-be9e91fe1373,e72903e1-2f71-4736-8e96-35287382e6d2,419263009,Allergy to tree pollen
2017-03-13,,247ee5a5-4fac-4e95-a909-be9e91fe1373,e72903e1-2f71-4736-8e96-35287382e6d2,91930004,Allergy to eggs
2016-04-18,,c9e8126b-66b1-4f1f-8088-2cbe0f3adf1b,74e5ac50-6dc6-428e-8cae-b652ad40f48a,300916003,Latex allergy
2016-04-18,,c9e8126b-66b1-4f1f-8088-2cbe0f3adf1b,74e5ac50-6dc6-428e-8cae-b652ad40f48a,419474003,Allergy to mould
2016-04-18,,c9e8126b-66b1-4f1f-8088-2cbe0f3adf1b,74e5ac50-6dc6-428e-8cae-b652ad40f48a,232350006,House dust mite allergy
2016-04-18,,c9e8126b-66b1-4f1f-8088-2cbe0f3adf1b,74e5ac50-6dc6-428e-8cae-b652ad40f48a,232347008,Dander (animal) allergy
2016-04-18,,c9e8126b-66b1-4f1f-8088-2cbe0f3adf1b,74e5ac50-6dc6-428e-8cae-b652ad40f48a,418689008,Allergy to grass pollen
2016-04-18,,c9e8126b-66b1-4f1f-8088-2cbe0f3adf1b,74e5ac50-6dc6-428e-8cae-b652ad40f48a,419263009,Allergy to tree pollen
2016-04-18,,c9e8126b-66b1-4f1f-8088-2cbe0f3adf1b,74e5ac50-6dc6-428e-8cae-b652ad40f48a,425525006,Allergy to dairy product
2016-04-18,,c9e8126b-66b1-4f1f-8088-2cbe0f3adf1b,74e5ac50-6dc6-428e-8cae-b652ad40f48a,714035009,Allergy to soya
2008-03-27,,fc157cc9-cb2b-4947-96c4-1f04bb2e6b74,b0e34105-881e-4387-b760-a88325e1bd98,419474003,Allergy to mould
1948-12-20,,92433d5d-8ec0-468f-9f54-d0fce3562ead,a08760a2-8e66-4b57-9226-d04c62b29cc7,419474003,Allergy to mould
1988-12-19,2005-05-10,2021b9b1-19fb-49d2-915e-e06ab8ae3085,740a70c3-da63-445a-b215-663a06ff5b08,714035009,Allergy to soya
1988-05-26,1993-07-11,c1e76eb3-6e33-426c-9a16-5c2333bf1c3e,3249cd94-641b-419c-8070-7102a8bf2f39,419474003,Allergy to mould
2004-01-18,,5198b39e-fbf2-416f-806d-f8de22476aa4,4612a033-8248-41c5-9833-bd688a747791,300916003,Latex allergy
2004-01-18,,5198b39e-fbf2-416f-806d-f8de22476aa4,4612a033-8248-41c5-9833-bd688a747791,419474003,Allergy to mould
2004-01-18,,5198b39e-fbf2-416f-806d-f8de22476aa4,4612a033-8248-41c5-9833-bd688a747791,232350006,House dust mite allergy
2004-01-18,,5198b39e-fbf2-416f-806d-f8de22476aa4,4612a033-8248-41c5-9833-bd688a747791,232347008,Dander (animal) allergy
2004-01-18,,5198b39e-fbf2-416f-806d-f8de22476aa4,4612a033-8248-41c5-9833-bd688a747791,418689008,Allergy to grass pollen
2004-01-18,,5198b39e-fbf2-416f-806d-f8de22476aa4,4612a033-8248-41c5-9833-bd688a747791,419263009,Allergy to tree pollen
2004-01-18,,5198b39e-fbf2-416f-806d-f8de22476aa4,4612a033-8248-41c5-9833-bd688a747791,425525006,Allergy to dairy product
2004-01-18,,5198b39e-fbf2-416f-806d-f8de22476aa4,4612a033-8248-41c5-9833-bd688a747791,91930004,Allergy to eggs
2009-08-26,,5683270d-3a3d-4e74-a4c9-a51bda21d10d,5e9d8561-d078-424e-9cf1-961ba8a6e546,419474003,Allergy to mould
1985-09-19,,1527866b-2316-40e0-b9a2-8362bd4f63e0,4e738a8d-e691-48c1-99a4-50c3b1183524,424213003,Allergy to bee venom
1985-09-19,,1527866b-2316-40e0-b9a2-8362bd4f63e0,4e738a8d-e691-48c1-99a4-50c3b1183524,419474003,Allergy to mould
1985-09-19,,1527866b-2316-40e0-b9a2-8362bd4f63e0,4e738a8d-e691-48c1-99a4-50c3b1183524,232350006,House dust mite allergy
1985-09-19,,1527866b-2316-40e0-b9a2-8362bd4f63e0,4e738a8d-e691-48c1-99a4-50c3b1183524,232347008,Dander (animal) allergy
1985-09-19,,1527866b-2316-40e0-b9a2-8362bd4f63e0,4e738a8d-e691-48c1-99a4-50c3b1183524,418689008,Allergy to grass pollen
1985-09-19,,1527866b-2316-40e0-b9a2-8362bd4f63e0,4e738a8d-e691-48c1-99a4-50c3b1183524,419263009,Allergy to tree pollen
1985-09-19,,1527866b-2316-40e0-b9a2-8362bd4f63e0,4e738a8d-e691-48c1-99a4-50c3b1183524,91934008,Allergy to nut
2006-08-07,,9503323f-f515-4ea0-9558-f83ac4cecabd,54ed53bb-6a42-4b62-bdf2-446c84aa4c26,300916003,Latex allergy
2006-08-07,,9503323f-f515-4ea0-9558-f83ac4cecabd,54ed53bb-6a42-4b62-bdf2-446c84aa4c26,419474003,Allergy to mould
2006-08-07,,9503323f-f515-4ea0-9558-f83ac4cecabd,54ed53bb-6a42-4b62-bdf2-446c84aa4c26,232350006,House dust mite allergy
2006-08-07,,9503323f-f515-4ea0-9558-f83ac4cecabd,54ed53bb-6a42-4b62-bdf2-446c84aa4c26,232347008,Dander (animal) allergy
2006-08-07,,9503323f-f515-4ea0-9558-f83ac4cecabd,54ed53bb-6a42-4b62-bdf2-446c84aa4c26,418689008,Allergy to grass pollen
2006-08-07,,9503323f-f515-4ea0-9558-f83ac4cecabd,54ed53bb-6a42-4b62-bdf2-446c84aa4c26,91930004,Allergy to eggs
2006-08-07,,9503323f-f515-4ea0-9558-f83ac4cecabd,54ed53bb-6a42-4b62-bdf2-446c84aa4c26,420174000,Allergy to wheat
1939-04-25,,d01c74da-a5c5-487e-99ac-c40a4f016d85,892fa959-d04d-422c-b2b4-d86442967080,420174000,Allergy to wheat
2000-11-16,,f9d6da40-de14-463f-9e41-09c12675849e,58b4e394-7606-457e-a143-6c54fb247fb7,424213003,Allergy to bee venom
2000-11-16,,f9d6da40-de14-463f-9e41-09c12675849e,58b4e394-7606-457e-a143-6c54fb247fb7,419474003,Allergy to mould
2000-11-16,,f9d6da40-de14-463f-9e41-09c12675849e,58b4e394-7606-457e-a143-6c54fb247fb7,232350006,House dust mite allergy
2000-11-16,,f9d6da40-de14-463f-9e41-09c12675849e,58b4e394-7606-457e-a143-6c54fb247fb7,232347008,Dander (animal) allergy
2000-11-16,,f9d6da40-de14-463f-9e41-09c12675849e,58b4e394-7606-457e-a143-6c54fb247fb7,419263009,Allergy to tree pollen
2000-11-16,2017-10-12,f9d6da40-de14-463f-9e41-09c12675849e,58b4e394-7606-457e-a143-6c54fb247fb7,420174000,Allergy to wheat
2000-11-16,,f9d6da40-de14-463f-9e41-09c12675849e,58b4e394-7606-457e-a143-6c54fb247fb7,300913006,Shellfish allergy
2000-11-16,,f9d6da40-de14-463f-9e41-09c12675849e,58b4e394-7606-457e-a143-6c54fb247fb7,91935009,Allergy to peanuts
2005-05-12,,e644feb0-ae2e-4917-81ab-eab2e36feb26,98fc405d-1494-4292-8eb3-feb9f13cff37,424213003,Allergy to bee venom
2005-05-12,,e644feb0-ae2e-4917-81ab-eab2e36feb26,98fc405d-1494-4292-8eb3-feb9f13cff37,419474003,Allergy to mould
2005-05-12,,e644feb0-ae2e-4917-81ab-eab2e36feb26,98fc405d-1494-4292-8eb3-feb9f13cff37,232350006,House dust mite allergy
2005-05-12,,e644feb0-ae2e-4917-81ab-eab2e36feb26,98fc405d-1494-4292-8eb3-feb9f13cff37,232347008,Dander (animal) allergy
2005-05-12,,e644feb0-ae2e-4917-81ab-eab2e36feb26,98fc405d-1494-4292-8eb3-feb9f13cff37,418689008,Allergy to grass pollen
2005-05-12,,e644feb0-ae2e-4917-81ab-eab2e36feb26,98fc405d-1494-4292-8eb3-feb9f13cff37,419263009,Allergy to tree pollen
2005-05-12,,e644feb0-ae2e-4917-81ab-eab2e36feb26,98fc405d-1494-4292-8eb3-feb9f13cff37,91930004,Allergy to eggs
2005-05-12,,e644feb0-ae2e-4917-81ab-eab2e36feb26,98fc405d-1494-4292-8eb3-feb9f13cff37,300913006,Shellfish allergy
1997-10-18,,bea8cf67-84ff-4d59-82a3-9ec77e1c9d02,c0fc093f-1a22-4e2a-8a7b-b22d011d1163,419474003,Allergy to mould
1997-10-18,2013-10-27,bea8cf67-84ff-4d59-82a3-9ec77e1c9d02,c0fc093f-1a22-4e2a-8a7b-b22d011d1163,232347008,Dander (animal) allergy
1997-10-18,2013-10-27,bea8cf67-84ff-4d59-82a3-9ec77e1c9d02,c0fc093f-1a22-4e2a-8a7b-b22d011d1163,418689008,Allergy to grass pollen
1997-10-18,,bea8cf67-84ff-4d59-82a3-9ec77e1c9d02,c0fc093f-1a22-4e2a-8a7b-b22d011d1163,419263009,Allergy to tree pollen
2012-08-31,,2f6fd1e5-ad20-4ccb-ab63-50b18d51462d,09b6254d-7a28-44a6-b926-1ea862994dea,419474003,Allergy to mould
2012-08-31,,2f6fd1e5-ad20-4ccb-ab63-50b18d51462d,09b6254d-7a28-44a6-b926-1ea862994dea,232350006,House dust mite allergy
2012-08-31,,2f6fd1e5-ad20-4ccb-ab63-50b18d51462d,09b6254d-7a28-44a6-b926-1ea862994dea,232347008,Dander (animal) allergy
2012-08-31,,2f6fd1e5-ad20-4ccb-ab63-50b18d51462d,09b6254d-7a28-44a6-b926-1ea862994dea,418689008,Allergy to grass pollen
2012-08-31,,2f6fd1e5-ad20-4ccb-ab63-50b18d51462d,09b6254d-7a28-44a6-b926-1ea862994dea,425525006,Allergy to dairy product
2012-08-31,,2f6fd1e5-ad20-4ccb-ab63-50b18d51462d,09b6254d-7a28-44a6-b926-1ea862994dea,420174000,Allergy to wheat
1996-07-05,2012-05-27,aefe3712-0eb9-43b9-88df-fc44b0d9e867,55692624-fafb-4888-96f0-eab8a3dd1593,419474003,Allergy to mould
1996-07-05,2012-05-27,aefe3712-0eb9-43b9-88df-fc44b0d9e867,55692624-fafb-4888-96f0-eab8a3dd1593,232350006,House dust mite allergy
1996-07-05,,aefe3712-0eb9-43b9-88df-fc44b0d9e867,55692624-fafb-4888-96f0-eab8a3dd1593,232347008,Dander (animal) allergy
1996-07-05,2012-05-27,aefe3712-0eb9-43b9-88df-fc44b0d9e867,55692624-fafb-4888-96f0-eab8a3dd1593,418689008,Allergy to grass pollen
1996-07-05,2012-05-27,aefe3712-0eb9-43b9-88df-fc44b0d9e867,55692624-fafb-4888-96f0-eab8a3dd1593,419263009,Allergy to tree pollen
1996-07-05,,aefe3712-0eb9-43b9-88df-fc44b0d9e867,55692624-fafb-4888-96f0-eab8a3dd1593,420174000,Allergy to wheat
1996-07-05,,aefe3712-0eb9-43b9-88df-fc44b0d9e867,55692624-fafb-4888-96f0-eab8a3dd1593,417532002,Allergy to fish
1974-02-23,1990-08-18,898cbd84-2834-4057-bf67-24e2bf304e7d,921d5433-10f4-43e1-a433-e961f2766fa6,420174000,Allergy to wheat
2013-08-04,,f66db0a4-0300-46d3-82c5-951ca68ad1a4,0f655065-cc1b-4a7d-9992-d0773ee564a7,419474003,Allergy to mould
2013-08-04,,f66db0a4-0300-46d3-82c5-951ca68ad1a4,0f655065-cc1b-4a7d-9992-d0773ee564a7,232350006,House dust mite allergy
2013-08-04,,f66db0a4-0300-46d3-82c5-951ca68ad1a4,0f655065-cc1b-4a7d-9992-d0773ee564a7,232347008,Dander (animal) allergy
2013-08-04,,f66db0a4-0300-46d3-82c5-951ca68ad1a4,0f655065-cc1b-4a7d-9992-d0773ee564a7,418689008,Allergy to grass pollen
2013-08-04,,f66db0a4-0300-46d3-82c5-951ca68ad1a4,0f655065-cc1b-4a7d-9992-d0773ee564a7,419263009,Allergy to tree pollen
2013-08-04,,f66db0a4-0300-46d3-82c5-951ca68ad1a4,0f655065-cc1b-4a7d-9992-d0773ee564a7,91934008,Allergy to nut
2015-01-24,,33713828-e8b2-4b38-932b-ce359e042498,bbb32f54-6487-467c-bc5e-c638f31871c0,232347008,Dander (animal) allergy
1976-06-28,1993-04-22,10ae7c1d-fdca-42d0-be82-787e62879d74,e9436811-30fd-4eb5-ae8d-8c8d423dedf1,300916003,Latex allergy
1976-06-28,,10ae7c1d-fdca-42d0-be82-787e62879d74,e9436811-30fd-4eb5-ae8d-8c8d423dedf1,419474003,Allergy to mould
1976-06-28,,10ae7c1d-fdca-42d0-be82-787e62879d74,e9436811-30fd-4eb5-ae8d-8c8d423dedf1,232350006,House dust mite allergy
1976-06-28,,10ae7c1d-fdca-42d0-be82-787e62879d74,e9436811-30fd-4eb5-ae8d-8c8d423dedf1,232347008,Dander (animal) allergy
1976-06-28,,10ae7c1d-fdca-42d0-be82-787e62879d74,e9436811-30fd-4eb5-ae8d-8c8d423dedf1,418689008,Allergy to grass pollen
1976-06-28,,10ae7c1d-fdca-42d0-be82-787e62879d74,e9436811-30fd-4eb5-ae8d-8c8d423dedf1,419263009,Allergy to tree pollen
1976-06-28,1993-04-22,10ae7c1d-fdca-42d0-be82-787e62879d74,e9436811-30fd-4eb5-ae8d-8c8d423dedf1,425525006,Allergy to dairy product
1976-06-28,1993-04-22,10ae7c1d-fdca-42d0-be82-787e62879d74,e9436811-30fd-4eb5-ae8d-8c8d423dedf1,714035009,Allergy to soya
1976-06-28,1993-04-22,10ae7c1d-fdca-42d0-be82-787e62879d74,e9436811-30fd-4eb5-ae8d-8c8d423dedf1,91930004,Allergy to eggs
1976-06-28,,10ae7c1d-fdca-42d0-be82-787e62879d74,e9436811-30fd-4eb5-ae8d-8c8d423dedf1,420174000,Allergy to wheat
1991-10-30,2007-09-13,ecb932c5-5889-446a-b87c-828991ad095e,e9c2939f-3e5b-417a-b442-e93896c5ec59,419474003,Allergy to mould
1991-10-30,,ecb932c5-5889-446a-b87c-828991ad095e,e9c2939f-3e5b-417a-b442-e93896c5ec59,232347008,Dander (animal) allergy
1991-10-30,2007-09-13,ecb932c5-5889-446a-b87c-828991ad095e,e9c2939f-3e5b-417a-b442-e93896c5ec59,418689008,Allergy to grass pollen
1991-10-30,2009-08-29,ecb932c5-5889-446a-b87c-828991ad095e,e9c2939f-3e5b-417a-b442-e93896c5ec59,91930004,Allergy to eggs
1963-07-18,,af3f750f-664d-497e-8acb-4639122782e4,78b97b5b-58a1-47cc-82ec-689930d594e8,424213003,Allergy to bee venom
1963-07-18,,af3f750f-664d-497e-8acb-4639122782e4,78b97b5b-58a1-47cc-82ec-689930d594e8,232347008,Dander (animal) allergy
1963-07-18,,af3f750f-664d-497e-8acb-4639122782e4,78b97b5b-58a1-47cc-82ec-689930d594e8,91935009,Allergy to peanuts
1966-10-14,1983-08-29,f6c1d304-4342-4c15-829a-a6e5d9c1228e,62a94499-79fe-428c-8b93-11a25c23c120,300916003,Latex allergy
1966-10-14,,f6c1d304-4342-4c15-829a-a6e5d9c1228e,62a94499-79fe-428c-8b93-11a25c23c120,424213003,Allergy to bee venom
1966-10-14,1993-07-10,f6c1d304-4342-4c15-829a-a6e5d9c1228e,62a94499-79fe-428c-8b93-11a25c23c120,419474003,Allergy to mould
1966-10-14,,f6c1d304-4342-4c15-829a-a6e5d9c1228e,62a94499-79fe-428c-8b93-11a25c23c120,232350006,House dust mite allergy
1966-10-14,1993-07-10,f6c1d304-4342-4c15-829a-a6e5d9c1228e,62a94499-79fe-428c-8b93-11a25c23c120,232347008,Dander (animal) allergy
1966-10-14,1993-07-10,f6c1d304-4342-4c15-829a-a6e5d9c1228e,62a94499-79fe-428c-8b93-11a25c23c120,418689008,Allergy to grass pollen
1966-10-14,1993-07-10,f6c1d304-4342-4c15-829a-a6e5d9c1228e,62a94499-79fe-428c-8b93-11a25c23c120,419263009,Allergy to tree pollen
1966-10-14,,f6c1d304-4342-4c15-829a-a6e5d9c1228e,62a94499-79fe-428c-8b93-11a25c23c120,300913006,Shellfish allergy
2018-04-12,,830d4959-ebb4-463b-bfa0-0519db293571,649a4414-d3ee-44bb-afad-45f427eb2262,232350006,House dust mite allergy
1967-11-03,1984-06-24,443cf1c9-1ea6-4f97-b148-e4e42a7ef4bc,9ed67361-bd20-47c5-a82f-b81e8fe18397,300916003,Latex allergy
1967-11-03,,443cf1c9-1ea6-4f97-b148-e4e42a7ef4bc,9ed67361-bd20-47c5-a82f-b81e8fe18397,424213003,Allergy to bee venom
1967-11-03,,443cf1c9-1ea6-4f97-b148-e4e42a7ef4bc,9ed67361-bd20-47c5-a82f-b81e8fe18397,419474003,Allergy to mould
1967-11-03,1993-07-11,443cf1c9-1ea6-4f97-b148-e4e42a7ef4bc,9ed67361-bd20-47c5-a82f-b81e8fe18397,232350006,House dust mite allergy
1967-11-03,1993-07-11,443cf1c9-1ea6-4f97-b148-e4e42a7ef4bc,9ed67361-bd20-47c5-a82f-b81e8fe18397,232347008,Dander (animal) allergy
1967-11-03,1993-07-11,443cf1c9-1ea6-4f97-b148-e4e42a7ef4bc,9ed67361-bd20-47c5-a82f-b81e8fe18397,418689008,Allergy to grass pollen
1967-11-03,1993-07-11,443cf1c9-1ea6-4f97-b148-e4e42a7ef4bc,9ed67361-bd20-47c5-a82f-b81e8fe18397,419263009,Allergy to tree pollen
1967-11-03,,443cf1c9-1ea6-4f97-b148-e4e42a7ef4bc,9ed67361-bd20-47c5-a82f-b81e8fe18397,91934008,Allergy to nut
1967-11-03,,443cf1c9-1ea6-4f97-b148-e4e42a7ef4bc,9ed67361-bd20-47c5-a82f-b81e8fe18397,91935009,Allergy to peanuts
1955-06-17,1993-07-06,b0dfe980-eb8f-4419-ab13-fdab6b9b1c99,c0385f18-82c4-467b-b61a-e59270ddf861,419474003,Allergy to mould
1955-06-17,1993-07-06,b0dfe980-eb8f-4419-ab13-fdab6b9b1c99,c0385f18-82c4-467b-b61a-e59270ddf861,232350006,House dust mite allergy
1955-06-17,1993-07-06,b0dfe980-eb8f-4419-ab13-fdab6b9b1c99,c0385f18-82c4-467b-b61a-e59270ddf861,232347008,Dander (animal) allergy
1955-06-17,1993-07-06,b0dfe980-eb8f-4419-ab13-fdab6b9b1c99,c0385f18-82c4-467b-b61a-e59270ddf861,418689008,Allergy to grass pollen
1955-06-17,1993-07-06,b0dfe980-eb8f-4419-ab13-fdab6b9b1c99,c0385f18-82c4-467b-b61a-e59270ddf861,419263009,Allergy to tree pollen
1955-06-17,1973-04-03,b0dfe980-eb8f-4419-ab13-fdab6b9b1c99,c0385f18-82c4-467b-b61a-e59270ddf861,91930004,Allergy to eggs
1955-06-17,,b0dfe980-eb8f-4419-ab13-fdab6b9b1c99,c0385f18-82c4-467b-b61a-e59270ddf861,417532002,Allergy to fish
1955-06-17,,b0dfe980-eb8f-4419-ab13-fdab6b9b1c99,c0385f18-82c4-467b-b61a-e59270ddf861,91934008,Allergy to nut
2006-08-12,,76c62113-fdd4-4274-92e5-ae374050526c,0775ebcb-0ee1-4d75-b2ec-574301be139d,419474003,Allergy to mould
1973-02-06,,85ec5026-c601-4f70-9370-59335e3d31c8,07af7d30-b2a8-4430-9cad-596a8cd26ebb,300913006,Shellfish allergy
1965-02-20,,e436d7e4-739d-4a98-b83a-2ed62de4d22b,95133fbb-7418-4f2d-a95d-caf370dfb67b,300916003,Latex allergy
1965-02-20,,e436d7e4-739d-4a98-b83a-2ed62de4d22b,95133fbb-7418-4f2d-a95d-caf370dfb67b,424213003,Allergy to bee venom
1965-02-20,1993-07-08,e436d7e4-739d-4a98-b83a-2ed62de4d22b,95133fbb-7418-4f2d-a95d-caf370dfb67b,419474003,Allergy to mould
1965-02-20,1993-07-08,e436d7e4-739d-4a98-b83a-2ed62de4d22b,95133fbb-7418-4f2d-a95d-caf370dfb67b,232350006,House dust mite allergy
1965-02-20,1993-07-08,e436d7e4-739d-4a98-b83a-2ed62de4d22b,95133fbb-7418-4f2d-a95d-caf370dfb67b,232347008,Dander (animal) allergy
1965-02-20,,e436d7e4-739d-4a98-b83a-2ed62de4d22b,95133fbb-7418-4f2d-a95d-caf370dfb67b,418689008,Allergy to grass pollen
1965-02-20,1993-07-08,e436d7e4-739d-4a98-b83a-2ed62de4d22b,95133fbb-7418-4f2d-a95d-caf370dfb67b,419263009,Allergy to tree pollen
1965-02-20,1982-12-30,e436d7e4-739d-4a98-b83a-2ed62de4d22b,95133fbb-7418-4f2d-a95d-caf370dfb67b,425525006,Allergy to dairy product
1965-02-20,1982-12-30,e436d7e4-739d-4a98-b83a-2ed62de4d22b,95133fbb-7418-4f2d-a95d-caf370dfb67b,91930004,Allergy to eggs
1979-02-18,,7e3b0dee-9ac3-4ce7-b0f8-868b20e71ee3,6baa857c-0042-437a-8aec-58aa0566aa4c,300916003,Latex allergy
1979-02-18,1993-07-07,7e3b0dee-9ac3-4ce7-b0f8-868b20e71ee3,6baa857c-0042-437a-8aec-58aa0566aa4c,419474003,Allergy to mould
1979-02-18,1993-07-07,7e3b0dee-9ac3-4ce7-b0f8-868b20e71ee3,6baa857c-0042-437a-8aec-58aa0566aa4c,232347008,Dander (animal) allergy
1979-02-18,1993-07-07,7e3b0dee-9ac3-4ce7-b0f8-868b20e71ee3,6baa857c-0042-437a-8aec-58aa0566aa4c,418689008,Allergy to grass pollen
1979-02-18,1993-07-07,7e3b0dee-9ac3-4ce7-b0f8-868b20e71ee3,6baa857c-0042-437a-8aec-58aa0566aa4c,419263009,Allergy to tree pollen
2013-06-23,,a7c5dbaf-8b74-4a32-9c14-98f783c7ebd8,6eb4df78-ca9c-4d0a-ba07-8f77e319afe6,419474003,Allergy to mould
2013-06-23,,a7c5dbaf-8b74-4a32-9c14-98f783c7ebd8,6eb4df78-ca9c-4d0a-ba07-8f77e319afe6,232350006,House dust mite allergy
2013-06-23,,a7c5dbaf-8b74-4a32-9c14-98f783c7ebd8,6eb4df78-ca9c-4d0a-ba07-8f77e319afe6,232347008,Dander (animal) allergy
2013-06-23,,a7c5dbaf-8b74-4a32-9c14-98f783c7ebd8,6eb4df78-ca9c-4d0a-ba07-8f77e319afe6,418689008,Allergy to grass pollen
2013-06-23,,a7c5dbaf-8b74-4a32-9c14-98f783c7ebd8,6eb4df78-ca9c-4d0a-ba07-8f77e319afe6,419263009,Allergy to tree pollen
2013-06-23,,a7c5dbaf-8b74-4a32-9c14-98f783c7ebd8,6eb4df78-ca9c-4d0a-ba07-8f77e319afe6,425525006,Allergy to dairy product
2013-06-23,,a7c5dbaf-8b74-4a32-9c14-98f783c7ebd8,6eb4df78-ca9c-4d0a-ba07-8f77e319afe6,714035009,Allergy to soya
2013-06-23,,a7c5dbaf-8b74-4a32-9c14-98f783c7ebd8,6eb4df78-ca9c-4d0a-ba07-8f77e319afe6,91930004,Allergy to eggs
2013-06-23,,a7c5dbaf-8b74-4a32-9c14-98f783c7ebd8,6eb4df78-ca9c-4d0a-ba07-8f77e319afe6,420174000,Allergy to wheat
2013-06-23,,a7c5dbaf-8b74-4a32-9c14-98f783c7ebd8,6eb4df78-ca9c-4d0a-ba07-8f77e319afe6,91935009,Allergy to peanuts
1999-07-29,2017-02-18,0c9e40b9-db56-46c2-ad4a-aaf8cbdefc38,9733201d-faea-4dc5-9c59-25982e55379d,300916003,Latex allergy
1999-07-29,,0c9e40b9-db56-46c2-ad4a-aaf8cbdefc38,9733201d-faea-4dc5-9c59-25982e55379d,419474003,Allergy to mould
1999-07-29,2015-06-19,0c9e40b9-db56-46c2-ad4a-aaf8cbdefc38,9733201d-faea-4dc5-9c59-25982e55379d,232350006,House dust mite allergy
1999-07-29,2015-06-19,0c9e40b9-db56-46c2-ad4a-aaf8cbdefc38,9733201d-faea-4dc5-9c59-25982e55379d,232347008,Dander (animal) allergy
1999-07-29,,0c9e40b9-db56-46c2-ad4a-aaf8cbdefc38,9733201d-faea-4dc5-9c59-25982e55379d,418689008,Allergy to grass pollen
1999-07-29,2015-06-19,0c9e40b9-db56-46c2-ad4a-aaf8cbdefc38,9733201d-faea-4dc5-9c59-25982e55379d,419263009,Allergy to tree pollen
1999-07-29,2017-02-18,0c9e40b9-db56-46c2-ad4a-aaf8cbdefc38,9733201d-faea-4dc5-9c59-25982e55379d,91930004,Allergy to eggs
1999-07-29,2017-02-18,0c9e40b9-db56-46c2-ad4a-aaf8cbdefc38,9733201d-faea-4dc5-9c59-25982e55379d,420174000,Allergy to wheat
1999-07-29,,0c9e40b9-db56-46c2-ad4a-aaf8cbdefc38,9733201d-faea-4dc5-9c59-25982e55379d,91935009,Allergy to peanuts
1959-12-02,,3e6f2971-0b40-40fe-acaf-5298ded07cf0,18002187-b65d-45d1-969a-fc6a6b061298,300913006,Shellfish allergy
1991-02-23,2007-11-09,0a59ba0e-cba6-498c-bdb5-424aea3a2fda,60823998-812c-4389-bb6d-27d71c7dd23e,300916003,Latex allergy
1991-02-23,,0a59ba0e-cba6-498c-bdb5-424aea3a2fda,60823998-812c-4389-bb6d-27d71c7dd23e,419474003,Allergy to mould
1991-02-23,,0a59ba0e-cba6-498c-bdb5-424aea3a2fda,60823998-812c-4389-bb6d-27d71c7dd23e,232350006,House dust mite allergy
1991-02-23,,0a59ba0e-cba6-498c-bdb5-424aea3a2fda,60823998-812c-4389-bb6d-27d71c7dd23e,232347008,Dander (animal) allergy
1991-02-23,,0a59ba0e-cba6-498c-bdb5-424aea3a2fda,60823998-812c-4389-bb6d-27d71c7dd23e,418689008,Allergy to grass pollen
1991-02-23,,0a59ba0e-cba6-498c-bdb5-424aea3a2fda,60823998-812c-4389-bb6d-27d71c7dd23e,419263009,Allergy to tree pollen
1991-02-23,,0a59ba0e-cba6-498c-bdb5-424aea3a2fda,60823998-812c-4389-bb6d-27d71c7dd23e,425525006,Allergy to dairy product
1991-02-23,2007-11-09,0a59ba0e-cba6-498c-bdb5-424aea3a2fda,60823998-812c-4389-bb6d-27d71c7dd23e,91930004,Allergy to eggs
1991-02-23,2007-11-09,0a59ba0e-cba6-498c-bdb5-424aea3a2fda,60823998-812c-4389-bb6d-27d71c7dd23e,420174000,Allergy to wheat
1991-02-23,,0a59ba0e-cba6-498c-bdb5-424aea3a2fda,60823998-812c-4389-bb6d-27d71c7dd23e,91934008,Allergy to nut
1952-02-01,1993-07-07,ed436d4e-af93-45a3-972c-333b61cea726,7c326466-4f93-402d-99b1-73991f9cfdd1,419474003,Allergy to mould
1952-02-01,1993-07-07,ed436d4e-af93-45a3-972c-333b61cea726,7c326466-4f93-402d-99b1-73991f9cfdd1,232347008,Dander (animal) allergy
1951-06-21,,3f40b4e1-f5c1-46f1-b549-50bb9a53f70a,6a57a97e-8262-438f-a37d-76c8244ce382,419474003,Allergy to mould
1951-06-21,,3f40b4e1-f5c1-46f1-b549-50bb9a53f70a,6a57a97e-8262-438f-a37d-76c8244ce382,91930004,Allergy to eggs
2008-07-15,,9de5cd31-4fb7-4423-b09c-0c7bce4842eb,72f2feec-6591-4c0d-8602-51cf1f8d06aa,419474003,Allergy to mould
2008-07-15,,9de5cd31-4fb7-4423-b09c-0c7bce4842eb,72f2feec-6591-4c0d-8602-51cf1f8d06aa,232347008,Dander (animal) allergy
2008-07-15,,9de5cd31-4fb7-4423-b09c-0c7bce4842eb,72f2feec-6591-4c0d-8602-51cf1f8d06aa,418689008,Allergy to grass pollen
2008-07-15,,9de5cd31-4fb7-4423-b09c-0c7bce4842eb,72f2feec-6591-4c0d-8602-51cf1f8d06aa,419263009,Allergy to tree pollen
2008-07-15,,9de5cd31-4fb7-4423-b09c-0c7bce4842eb,72f2feec-6591-4c0d-8602-51cf1f8d06aa,420174000,Allergy to wheat
2008-07-15,,9de5cd31-4fb7-4423-b09c-0c7bce4842eb,72f2feec-6591-4c0d-8602-51cf1f8d06aa,91935009,Allergy to peanuts
2013-03-23,,54cfba82-0bc1-4f52-912c-541fe2dc6e2c,9d640fbf-984f-4c1e-8114-9ec688c63f0d,424213003,Allergy to bee venom
2013-03-23,,54cfba82-0bc1-4f52-912c-541fe2dc6e2c,9d640fbf-984f-4c1e-8114-9ec688c63f0d,419474003,Allergy to mould
2013-03-23,,54cfba82-0bc1-4f52-912c-541fe2dc6e2c,9d640fbf-984f-4c1e-8114-9ec688c63f0d,232350006,House dust mite allergy
2013-03-23,,54cfba82-0bc1-4f52-912c-541fe2dc6e2c,9d640fbf-984f-4c1e-8114-9ec688c63f0d,232347008,Dander (animal) allergy
2013-03-23,,54cfba82-0bc1-4f52-912c-541fe2dc6e2c,9d640fbf-984f-4c1e-8114-9ec688c63f0d,418689008,Allergy to grass pollen
2013-03-23,,54cfba82-0bc1-4f52-912c-541fe2dc6e2c,9d640fbf-984f-4c1e-8114-9ec688c63f0d,419263009,Allergy to tree pollen
2013-03-23,,54cfba82-0bc1-4f52-912c-541fe2dc6e2c,9d640fbf-984f-4c1e-8114-9ec688c63f0d,420174000,Allergy to wheat
2013-03-23,,54cfba82-0bc1-4f52-912c-541fe2dc6e2c,9d640fbf-984f-4c1e-8114-9ec688c63f0d,417532002,Allergy to fish
2013-03-23,,54cfba82-0bc1-4f52-912c-541fe2dc6e2c,9d640fbf-984f-4c1e-8114-9ec688c63f0d,91934008,Allergy to nut
1972-03-12,,eac58ca5-bd3f-4603-bc60-4d47bf9b3bf7,a24f2c00-16c3-4852-b02b-7fec8db03869,300913006,Shellfish allergy
1946-01-10,,88aa8f34-e16a-4349-af1a-a936ce655f39,b2be0602-74e8-48e3-b07e-a6f0f6fa24fe,232347008,Dander (animal) allergy
1946-01-10,,88aa8f34-e16a-4349-af1a-a936ce655f39,b2be0602-74e8-48e3-b07e-a6f0f6fa24fe,420174000,Allergy to wheat
1980-10-18,1995-03-26,20366829-5d64-41b4-81d3-92a7467942ab,61022830-d5e9-476b-814e-fd9ab7e0e926,419474003,Allergy to mould
1980-10-18,1995-03-26,20366829-5d64-41b4-81d3-92a7467942ab,61022830-d5e9-476b-814e-fd9ab7e0e926,232350006,House dust mite allergy
1980-10-18,1995-03-26,20366829-5d64-41b4-81d3-92a7467942ab,61022830-d5e9-476b-814e-fd9ab7e0e926,232347008,Dander (animal) allergy
1980-10-18,1995-03-26,20366829-5d64-41b4-81d3-92a7467942ab,61022830-d5e9-476b-814e-fd9ab7e0e926,418689008,Allergy to grass pollen
1980-10-18,1995-03-26,20366829-5d64-41b4-81d3-92a7467942ab,61022830-d5e9-476b-814e-fd9ab7e0e926,419263009,Allergy to tree pollen
1948-01-03,,c7ef3676-572f-487c-a2ca-5038100d058e,0cb67d28-b181-4ffb-8baa-b924349250e7,91935009,Allergy to peanuts
2001-03-10,2004-09-11,6ea56b04-5191-478e-9c0c-fb98fa93f578,8eda7293-8378-4c52-9954-7d53df3a4f1e,419474003,Allergy to mould
1943-11-06,,c112a9f3-f330-4e2c-a0a0-d61a09a224f9,5a9df873-3a51-456a-9579-6d38f5bfccc1,419474003,Allergy to mould
1943-11-06,,c112a9f3-f330-4e2c-a0a0-d61a09a224f9,5a9df873-3a51-456a-9579-6d38f5bfccc1,91935009,Allergy to peanuts
1982-10-28,1995-04-09,769e2a94-2202-4e1d-9f3e-34ce4ed9c0e2,722c24e4-caaf-437c-a29f-4cff0e3e5b7a,232347008,Dander (animal) allergy
2015-07-10,,d9ff5784-d10a-4419-bc95-128681b44aac,268901ba-ca8f-449f-b882-6d618e0756c8,419474003,Allergy to mould
2015-07-10,,d9ff5784-d10a-4419-bc95-128681b44aac,268901ba-ca8f-449f-b882-6d618e0756c8,232350006,House dust mite allergy
2015-07-10,,d9ff5784-d10a-4419-bc95-128681b44aac,268901ba-ca8f-449f-b882-6d618e0756c8,232347008,Dander (animal) allergy
2015-07-10,,d9ff5784-d10a-4419-bc95-128681b44aac,268901ba-ca8f-449f-b882-6d618e0756c8,418689008,Allergy to grass pollen
2015-07-10,,d9ff5784-d10a-4419-bc95-128681b44aac,268901ba-ca8f-449f-b882-6d618e0756c8,419263009,Allergy to tree pollen
2015-07-10,,d9ff5784-d10a-4419-bc95-128681b44aac,268901ba-ca8f-449f-b882-6d618e0756c8,425525006,Allergy to dairy product
2015-07-10,,d9ff5784-d10a-4419-bc95-128681b44aac,268901ba-ca8f-449f-b882-6d618e0756c8,417532002,Allergy to fish
2015-07-10,,d9ff5784-d10a-4419-bc95-128681b44aac,268901ba-ca8f-449f-b882-6d618e0756c8,91934008,Allergy to nut
1984-11-11,,12c4219c-751d-49da-be54-d670ee08f9f4,2d3f4e29-707c-4e89-af32-9b51a274ecf8,424213003,Allergy to bee venom
1984-11-11,2000-11-07,12c4219c-751d-49da-be54-d670ee08f9f4,2d3f4e29-707c-4e89-af32-9b51a274ecf8,419474003,Allergy to mould
1984-11-11,2000-11-07,12c4219c-751d-49da-be54-d670ee08f9f4,2d3f4e29-707c-4e89-af32-9b51a274ecf8,232350006,House dust mite allergy
1984-11-11,2000-11-07,12c4219c-751d-49da-be54-d670ee08f9f4,2d3f4e29-707c-4e89-af32-9b51a274ecf8,232347008,Dander (animal) allergy
1984-11-11,2000-11-07,12c4219c-751d-49da-be54-d670ee08f9f4,2d3f4e29-707c-4e89-af32-9b51a274ecf8,418689008,Allergy to grass pollen
1984-11-11,,12c4219c-751d-49da-be54-d670ee08f9f4,2d3f4e29-707c-4e89-af32-9b51a274ecf8,419263009,Allergy to tree pollen
1984-11-11,2002-08-27,12c4219c-751d-49da-be54-d670ee08f9f4,2d3f4e29-707c-4e89-af32-9b51a274ecf8,714035009,Allergy to soya
1984-11-11,2002-08-27,12c4219c-751d-49da-be54-d670ee08f9f4,2d3f4e29-707c-4e89-af32-9b51a274ecf8,420174000,Allergy to wheat
1984-11-11,,12c4219c-751d-49da-be54-d670ee08f9f4,2d3f4e29-707c-4e89-af32-9b51a274ecf8,417532002,Allergy to fish
1984-11-11,,12c4219c-751d-49da-be54-d670ee08f9f4,2d3f4e29-707c-4e89-af32-9b51a274ecf8,91934008,Allergy to nut
1978-01-12,,7f26b6b0-9a4c-4464-808c-99311e3e0b6c,8a044020-2aca-4ac9-a324-b730f52df33d,419474003,Allergy to mould
1978-01-12,,7f26b6b0-9a4c-4464-808c-99311e3e0b6c,8a044020-2aca-4ac9-a324-b730f52df33d,232350006,House dust mite allergy
1978-01-12,,7f26b6b0-9a4c-4464-808c-99311e3e0b6c,8a044020-2aca-4ac9-a324-b730f52df33d,232347008,Dander (animal) allergy
1978-01-12,,7f26b6b0-9a4c-4464-808c-99311e3e0b6c,8a044020-2aca-4ac9-a324-b730f52df33d,418689008,Allergy to grass pollen
1978-01-12,,7f26b6b0-9a4c-4464-808c-99311e3e0b6c,8a044020-2aca-4ac9-a324-b730f52df33d,419263009,Allergy to tree pollen
1978-01-12,,7f26b6b0-9a4c-4464-808c-99311e3e0b6c,8a044020-2aca-4ac9-a324-b730f52df33d,425525006,Allergy to dairy product
2018-01-08,,edff18d7-7868-4b36-9f86-f3c7a708bcc9,22d1b4fe-d5c3-42f0-9da6-387b921fa2d5,419263009,Allergy to tree pollen
2018-01-08,,edff18d7-7868-4b36-9f86-f3c7a708bcc9,22d1b4fe-d5c3-42f0-9da6-387b921fa2d5,420174000,Allergy to wheat
1975-02-25,,95b45d6b-1b2c-4b1e-9d5c-35d5cf43f37c,0945bf20-2c3a-4eb2-9f62-12436b192795,91935009,Allergy to peanuts
2001-10-14,,ea093b9f-266a-4848-bd91-486665668d1a,fe3f0193-d1b4-4a25-8fc5-c3f8966c87d3,300913006,Shellfish allergy
1988-05-15,,0041ed24-de80-4193-9cbe-9cfde097fa18,25ba3265-01cb-4125-846d-2e77368d42b4,419474003,Allergy to mould
1988-05-15,,0041ed24-de80-4193-9cbe-9cfde097fa18,25ba3265-01cb-4125-846d-2e77368d42b4,232350006,House dust mite allergy
1988-05-15,,0041ed24-de80-4193-9cbe-9cfde097fa18,25ba3265-01cb-4125-846d-2e77368d42b4,232347008,Dander (animal) allergy
1988-05-15,,0041ed24-de80-4193-9cbe-9cfde097fa18,25ba3265-01cb-4125-846d-2e77368d42b4,418689008,Allergy to grass pollen
1988-05-15,,0041ed24-de80-4193-9cbe-9cfde097fa18,25ba3265-01cb-4125-846d-2e77368d42b4,419263009,Allergy to tree pollen
1988-05-15,,0041ed24-de80-4193-9cbe-9cfde097fa18,25ba3265-01cb-4125-846d-2e77368d42b4,91935009,Allergy to peanuts
2015-07-11,,78a12e36-68d0-4a93-8e4e-ca40033a8353,ced177f4-4795-41a3-834f-f34741fc4939,419474003,Allergy to mould
2015-07-11,,78a12e36-68d0-4a93-8e4e-ca40033a8353,ced177f4-4795-41a3-834f-f34741fc4939,232350006,House dust mite allergy
2015-07-11,,78a12e36-68d0-4a93-8e4e-ca40033a8353,ced177f4-4795-41a3-834f-f34741fc4939,232347008,Dander (animal) allergy
2015-07-11,,78a12e36-68d0-4a93-8e4e-ca40033a8353,ced177f4-4795-41a3-834f-f34741fc4939,418689008,Allergy to grass pollen
2015-07-11,,78a12e36-68d0-4a93-8e4e-ca40033a8353,ced177f4-4795-41a3-834f-f34741fc4939,419263009,Allergy to tree pollen
2015-07-11,,78a12e36-68d0-4a93-8e4e-ca40033a8353,ced177f4-4795-41a3-834f-f34741fc4939,300913006,Shellfish allergy
2014-09-24,,368f66ba-88ee-475d-bd64-68e351e38629,8f1d5ac7-5921-41eb-a9d8-879c49935f8a,300916003,Latex allergy
1972-08-18,1989-03-13,5eebef08-0f68-40d1-bcc0-1ee0121c2979,4b5cb0fa-2fa0-4014-bc78-4e9b768df172,420174000,Allergy to wheat
1956-08-14,1973-01-05,9376c33b-ef86-4d5c-9fe6-51c9255aaff3,08af3558-a3d9-475d-9ca0-b3a2a88cb037,420174000,Allergy to wheat
1971-01-01,1988-07-18,9d57b5bb-ef2b-4f71-97bd-92b28926ce06,ead3725f-2810-4dfa-9fae-f577352f9514,420174000,Allergy to wheat
2014-08-25,,c2fa8b9a-589b-4133-a973-8f75280754bf,c5b8c2a5-7a4d-4c0d-836c-793e4bb6cf8c,300916003,Latex allergy
2014-08-25,,c2fa8b9a-589b-4133-a973-8f75280754bf,c5b8c2a5-7a4d-4c0d-836c-793e4bb6cf8c,424213003,Allergy to bee venom
2014-08-25,,c2fa8b9a-589b-4133-a973-8f75280754bf,c5b8c2a5-7a4d-4c0d-836c-793e4bb6cf8c,419474003,Allergy to mould
2014-08-25,,c2fa8b9a-589b-4133-a973-8f75280754bf,c5b8c2a5-7a4d-4c0d-836c-793e4bb6cf8c,232350006,House dust mite allergy
2014-08-25,,c2fa8b9a-589b-4133-a973-8f75280754bf,c5b8c2a5-7a4d-4c0d-836c-793e4bb6cf8c,232347008,Dander (animal) allergy
2014-08-25,,c2fa8b9a-589b-4133-a973-8f75280754bf,c5b8c2a5-7a4d-4c0d-836c-793e4bb6cf8c,418689008,Allergy to grass pollen
2014-08-25,,c2fa8b9a-589b-4133-a973-8f75280754bf,c5b8c2a5-7a4d-4c0d-836c-793e4bb6cf8c,91935009,Allergy to peanuts
2005-02-09,,74d3663c-bc98-4796-9cf6-da6a6976d143,825f670c-5094-4291-9990-9e8df07240cf,424213003,Allergy to bee venom
2005-02-09,,74d3663c-bc98-4796-9cf6-da6a6976d143,825f670c-5094-4291-9990-9e8df07240cf,419474003,Allergy to mould
2005-02-09,,74d3663c-bc98-4796-9cf6-da6a6976d143,825f670c-5094-4291-9990-9e8df07240cf,232350006,House dust mite allergy
2005-02-09,,74d3663c-bc98-4796-9cf6-da6a6976d143,825f670c-5094-4291-9990-9e8df07240cf,232347008,Dander (animal) allergy
2005-02-09,,74d3663c-bc98-4796-9cf6-da6a6976d143,825f670c-5094-4291-9990-9e8df07240cf,418689008,Allergy to grass pollen
2005-02-09,,74d3663c-bc98-4796-9cf6-da6a6976d143,825f670c-5094-4291-9990-9e8df07240cf,419263009,Allergy to tree pollen
2005-02-09,,74d3663c-bc98-4796-9cf6-da6a6976d143,825f670c-5094-4291-9990-9e8df07240cf,714035009,Allergy to soya
2005-02-09,,74d3663c-bc98-4796-9cf6-da6a6976d143,825f670c-5094-4291-9990-9e8df07240cf,91935009,Allergy to peanuts
2006-10-15,,48e54076-83a3-4c29-a215-6f743ed6a8da,95b5982d-e06a-4d0d-aceb-22b2d74276f8,424213003,Allergy to bee venom
2006-10-15,,48e54076-83a3-4c29-a215-6f743ed6a8da,95b5982d-e06a-4d0d-aceb-22b2d74276f8,419474003,Allergy to mould
2006-10-15,,48e54076-83a3-4c29-a215-6f743ed6a8da,95b5982d-e06a-4d0d-aceb-22b2d74276f8,232350006,House dust mite allergy
2006-10-15,,48e54076-83a3-4c29-a215-6f743ed6a8da,95b5982d-e06a-4d0d-aceb-22b2d74276f8,232347008,Dander (animal) allergy
2006-10-15,,48e54076-83a3-4c29-a215-6f743ed6a8da,95b5982d-e06a-4d0d-aceb-22b2d74276f8,418689008,Allergy to grass pollen
2006-10-15,,48e54076-83a3-4c29-a215-6f743ed6a8da,95b5982d-e06a-4d0d-aceb-22b2d74276f8,419263009,Allergy to tree pollen
2006-10-15,,48e54076-83a3-4c29-a215-6f743ed6a8da,95b5982d-e06a-4d0d-aceb-22b2d74276f8,425525006,Allergy to dairy product
1996-04-07,,bf17b211-ca6d-478c-8312-eeed2637e798,9186e08f-9ce3-427f-87f6-078e2e58d652,424213003,Allergy to bee venom
1996-04-07,2012-10-27,bf17b211-ca6d-478c-8312-eeed2637e798,9186e08f-9ce3-427f-87f6-078e2e58d652,420174000,Allergy to wheat
1970-09-30,,d1867fa4-218f-4eb5-87e6-1a2a1ad06c08,90b4af1a-751b-4b35-aac4-e01d57ee3f7b,419474003,Allergy to mould
1970-09-30,,d1867fa4-218f-4eb5-87e6-1a2a1ad06c08,90b4af1a-751b-4b35-aac4-e01d57ee3f7b,232350006,House dust mite allergy
1970-09-30,1993-07-09,d1867fa4-218f-4eb5-87e6-1a2a1ad06c08,90b4af1a-751b-4b35-aac4-e01d57ee3f7b,232347008,Dander (animal) allergy
1970-09-30,1993-07-09,d1867fa4-218f-4eb5-87e6-1a2a1ad06c08,90b4af1a-751b-4b35-aac4-e01d57ee3f7b,418689008,Allergy to grass pollen
1970-09-30,,d1867fa4-218f-4eb5-87e6-1a2a1ad06c08,90b4af1a-751b-4b35-aac4-e01d57ee3f7b,419263009,Allergy to tree pollen
1970-09-30,,d1867fa4-218f-4eb5-87e6-1a2a1ad06c08,90b4af1a-751b-4b35-aac4-e01d57ee3f7b,300913006,Shellfish allergy
2006-06-24,,f42c2822-eee2-4b86-9b43-869c57631d6f,8fad0561-82e5-47b5-9599-67db425e6933,424213003,Allergy to bee venom
2006-06-24,,f42c2822-eee2-4b86-9b43-869c57631d6f,8fad0561-82e5-47b5-9599-67db425e6933,419474003,Allergy to mould
2006-06-24,,f42c2822-eee2-4b86-9b43-869c57631d6f,8fad0561-82e5-47b5-9599-67db425e6933,232350006,House dust mite allergy
2006-06-24,,f42c2822-eee2-4b86-9b43-869c57631d6f,8fad0561-82e5-47b5-9599-67db425e6933,232347008,Dander (animal) allergy
2006-06-24,,f42c2822-eee2-4b86-9b43-869c57631d6f,8fad0561-82e5-47b5-9599-67db425e6933,418689008,Allergy to grass pollen
2006-06-24,,f42c2822-eee2-4b86-9b43-869c57631d6f,8fad0561-82e5-47b5-9599-67db425e6933,419263009,Allergy to tree pollen
2006-06-24,,f42c2822-eee2-4b86-9b43-869c57631d6f,8fad0561-82e5-47b5-9599-67db425e6933,91930004,Allergy to eggs
2006-06-24,,f42c2822-eee2-4b86-9b43-869c57631d6f,8fad0561-82e5-47b5-9599-67db425e6933,420174000,Allergy to wheat
2006-06-24,,f42c2822-eee2-4b86-9b43-869c57631d6f,8fad0561-82e5-47b5-9599-67db425e6933,91935009,Allergy to peanuts
1993-03-30,,11dfdd28-1f64-441c-bee6-c1bd45d37cef,8e464566-5820-4732-a0ab-7fd44cfeae2b,300913006,Shellfish allergy
1979-09-19,1996-02-06,db9941d8-f5c3-4fc4-b4dc-961f73209567,ec5ef6bc-7584-4a20-b5ed-91b6ea5f6eba,419474003,Allergy to mould
1993-06-14,2009-05-08,5a78b180-ee01-4d9a-ad97-8b5585d67ab6,3de1dc96-58e5-41d7-8980-64da7a522c8b,419474003,Allergy to mould
1993-06-14,2009-05-08,5a78b180-ee01-4d9a-ad97-8b5585d67ab6,3de1dc96-58e5-41d7-8980-64da7a522c8b,232347008,Dander (animal) allergy
1993-06-14,,5a78b180-ee01-4d9a-ad97-8b5585d67ab6,3de1dc96-58e5-41d7-8980-64da7a522c8b,418689008,Allergy to grass pollen
1993-06-14,2009-05-08,5a78b180-ee01-4d9a-ad97-8b5585d67ab6,3de1dc96-58e5-41d7-8980-64da7a522c8b,419263009,Allergy to tree pollen
1993-06-14,2010-05-12,5a78b180-ee01-4d9a-ad97-8b5585d67ab6,3de1dc96-58e5-41d7-8980-64da7a522c8b,91930004,Allergy to eggs
1993-06-14,2010-05-12,5a78b180-ee01-4d9a-ad97-8b5585d67ab6,3de1dc96-58e5-41d7-8980-64da7a522c8b,420174000,Allergy to wheat
1993-06-14,,5a78b180-ee01-4d9a-ad97-8b5585d67ab6,3de1dc96-58e5-41d7-8980-64da7a522c8b,417532002,Allergy to fish
2016-05-04,,cd77aae3-720a-4247-8296-f2ccf56758ba,e1b1da93-3fb4-487e-97a3-9632e45ee5e8,419474003,Allergy to mould
2016-05-04,,cd77aae3-720a-4247-8296-f2ccf56758ba,e1b1da93-3fb4-487e-97a3-9632e45ee5e8,232350006,House dust mite allergy
2016-05-04,,cd77aae3-720a-4247-8296-f2ccf56758ba,e1b1da93-3fb4-487e-97a3-9632e45ee5e8,232347008,Dander (animal) allergy
2016-05-04,,cd77aae3-720a-4247-8296-f2ccf56758ba,e1b1da93-3fb4-487e-97a3-9632e45ee5e8,418689008,Allergy to grass pollen
2016-05-04,,cd77aae3-720a-4247-8296-f2ccf56758ba,e1b1da93-3fb4-487e-97a3-9632e45ee5e8,91934008,Allergy to nut
2005-05-03,,95d7300e-d57c-408b-a2da-599c68e9a917,fd1c3ea6-306a-4271-b2c8-2a3640cae2d8,419474003,Allergy to mould
2005-05-03,,95d7300e-d57c-408b-a2da-599c68e9a917,fd1c3ea6-306a-4271-b2c8-2a3640cae2d8,232350006,House dust mite allergy
2005-05-03,,95d7300e-d57c-408b-a2da-599c68e9a917,fd1c3ea6-306a-4271-b2c8-2a3640cae2d8,232347008,Dander (animal) allergy
2005-05-03,,95d7300e-d57c-408b-a2da-599c68e9a917,fd1c3ea6-306a-4271-b2c8-2a3640cae2d8,418689008,Allergy to grass pollen
2005-05-03,,95d7300e-d57c-408b-a2da-599c68e9a917,fd1c3ea6-306a-4271-b2c8-2a3640cae2d8,91935009,Allergy to peanuts
2001-06-18,,d1ea046a-ad6f-4b4e-96cf-2d838f2bdd38,d60a814b-a70b-40a6-9d94-8bb8938e50f6,300916003,Latex allergy
2001-06-18,2016-07-21,d1ea046a-ad6f-4b4e-96cf-2d838f2bdd38,d60a814b-a70b-40a6-9d94-8bb8938e50f6,419474003,Allergy to mould
2001-06-18,2016-07-21,d1ea046a-ad6f-4b4e-96cf-2d838f2bdd38,d60a814b-a70b-40a6-9d94-8bb8938e50f6,232350006,House dust mite allergy
2001-06-18,2016-07-21,d1ea046a-ad6f-4b4e-96cf-2d838f2bdd38,d60a814b-a70b-40a6-9d94-8bb8938e50f6,232347008,Dander (animal) allergy
2001-06-18,2016-07-21,d1ea046a-ad6f-4b4e-96cf-2d838f2bdd38,d60a814b-a70b-40a6-9d94-8bb8938e50f6,418689008,Allergy to grass pollen
2001-06-18,2016-07-21,d1ea046a-ad6f-4b4e-96cf-2d838f2bdd38,d60a814b-a70b-40a6-9d94-8bb8938e50f6,419263009,Allergy to tree pollen
2001-06-18,2017-05-13,d1ea046a-ad6f-4b4e-96cf-2d838f2bdd38,d60a814b-a70b-40a6-9d94-8bb8938e50f6,425525006,Allergy to dairy product
2001-06-18,2017-05-13,d1ea046a-ad6f-4b4e-96cf-2d838f2bdd38,d60a814b-a70b-40a6-9d94-8bb8938e50f6,91930004,Allergy to eggs
2001-06-18,,d1ea046a-ad6f-4b4e-96cf-2d838f2bdd38,d60a814b-a70b-40a6-9d94-8bb8938e50f6,91935009,Allergy to peanuts
1994-08-06,,dee538ac-3f61-4fdd-9ed3-a90ca172b4ad,1c5b8d91-4f90-4f4c-a8cc-50ecfbeb16dd,232347008,Dander (animal) allergy
1994-08-06,2011-11-19,dee538ac-3f61-4fdd-9ed3-a90ca172b4ad,1c5b8d91-4f90-4f4c-a8cc-50ecfbeb16dd,425525006,Allergy to dairy product
1994-08-06,2011-11-19,dee538ac-3f61-4fdd-9ed3-a90ca172b4ad,1c5b8d91-4f90-4f4c-a8cc-50ecfbeb16dd,420174000,Allergy to wheat
2011-11-11,,bd2cea53-960c-42e2-ac9b-697a24a7b500,48509e4e-b1db-4222-9716-4c5663275bb0,300913006,Shellfish allergy
2016-02-13,,71bcb3cf-df6c-4241-885f-94fe43f33fda,631dc025-2189-4af9-b4d9-f6f78f77cd46,419474003,Allergy to mould
2016-02-13,,71bcb3cf-df6c-4241-885f-94fe43f33fda,631dc025-2189-4af9-b4d9-f6f78f77cd46,232350006,House dust mite allergy
2016-02-13,,71bcb3cf-df6c-4241-885f-94fe43f33fda,631dc025-2189-4af9-b4d9-f6f78f77cd46,232347008,Dander (animal) allergy
2016-02-13,,71bcb3cf-df6c-4241-885f-94fe43f33fda,631dc025-2189-4af9-b4d9-f6f78f77cd46,418689008,Allergy to grass pollen
2016-02-13,,71bcb3cf-df6c-4241-885f-94fe43f33fda,631dc025-2189-4af9-b4d9-f6f78f77cd46,419263009,Allergy to tree pollen
2016-02-13,,71bcb3cf-df6c-4241-885f-94fe43f33fda,631dc025-2189-4af9-b4d9-f6f78f77cd46,425525006,Allergy to dairy product
2016-02-13,,71bcb3cf-df6c-4241-885f-94fe43f33fda,631dc025-2189-4af9-b4d9-f6f78f77cd46,300913006,Shellfish allergy
2016-02-13,,71bcb3cf-df6c-4241-885f-94fe43f33fda,631dc025-2189-4af9-b4d9-f6f78f77cd46,91934008,Allergy to nut
1937-03-05,1954-04-23,1f5002d8-ca4e-42b6-931a-3c03236e1f6a,41a63b5d-295e-495d-aa92-0ba008080aa5,91930004,Allergy to eggs
1936-08-31,,53cde22a-08c9-43bc-8447-444e9f793567,84a3756a-e46c-4c43-aeb2-d6ebaeb7f82c,300913006,Shellfish allergy
1935-11-03,,b63f6df5-1010-45b5-a4ee-dea41ce38baf,7c21319f-096f-428b-90ba-b22a6dbe9cce,300913006,Shellfish allergy
2001-03-26,,c8467b22-7534-40fd-ae2f-addb8e090203,8b9d786e-4ea0-433e-95e3-37ad5a7188b5,419474003,Allergy to mould
2001-03-26,,c8467b22-7534-40fd-ae2f-addb8e090203,8b9d786e-4ea0-433e-95e3-37ad5a7188b5,232350006,House dust mite allergy
2001-03-26,,c8467b22-7534-40fd-ae2f-addb8e090203,8b9d786e-4ea0-433e-95e3-37ad5a7188b5,232347008,Dander (animal) allergy
2001-03-26,,c8467b22-7534-40fd-ae2f-addb8e090203,8b9d786e-4ea0-433e-95e3-37ad5a7188b5,418689008,Allergy to grass pollen
2001-03-26,,c8467b22-7534-40fd-ae2f-addb8e090203,8b9d786e-4ea0-433e-95e3-37ad5a7188b5,419263009,Allergy to tree pollen
2001-03-26,2017-08-17,c8467b22-7534-40fd-ae2f-addb8e090203,8b9d786e-4ea0-433e-95e3-37ad5a7188b5,425525006,Allergy to dairy product
1967-10-03,,e3d71355-d10f-40a7-8b75-9a1e546f20f7,a43e7771-989b-42c1-9e56-c630ef79eaf2,300913006,Shellfish allergy
2015-02-12,,73fc1187-bb98-409f-b60c-500cb83a7b7c,4147e75e-115a-47f6-a773-f739e0abdce7,419474003,Allergy to mould
2015-02-12,,73fc1187-bb98-409f-b60c-500cb83a7b7c,4147e75e-115a-47f6-a773-f739e0abdce7,232350006,House dust mite allergy
2015-02-12,,73fc1187-bb98-409f-b60c-500cb83a7b7c,4147e75e-115a-47f6-a773-f739e0abdce7,232347008,Dander (animal) allergy
2015-02-12,,73fc1187-bb98-409f-b60c-500cb83a7b7c,4147e75e-115a-47f6-a773-f739e0abdce7,418689008,Allergy to grass pollen
2015-02-12,,73fc1187-bb98-409f-b60c-500cb83a7b7c,4147e75e-115a-47f6-a773-f739e0abdce7,419263009,Allergy to tree pollen
2015-02-12,,73fc1187-bb98-409f-b60c-500cb83a7b7c,4147e75e-115a-47f6-a773-f739e0abdce7,417532002,Allergy to fish
2001-12-26,2017-09-26,83dc3f39-da17-469b-914f-273b462c4192,6e185939-d7d7-4b17-857b-7fd1a6584b52,419474003,Allergy to mould
2001-12-26,,83dc3f39-da17-469b-914f-273b462c4192,6e185939-d7d7-4b17-857b-7fd1a6584b52,232350006,House dust mite allergy
2001-12-26,2017-09-26,83dc3f39-da17-469b-914f-273b462c4192,6e185939-d7d7-4b17-857b-7fd1a6584b52,232347008,Dander (animal) allergy
2001-12-26,2017-09-26,83dc3f39-da17-469b-914f-273b462c4192,6e185939-d7d7-4b17-857b-7fd1a6584b52,418689008,Allergy to grass pollen
2001-12-26,2017-09-26,83dc3f39-da17-469b-914f-273b462c4192,6e185939-d7d7-4b17-857b-7fd1a6584b52,419263009,Allergy to tree pollen
2001-12-26,,83dc3f39-da17-469b-914f-273b462c4192,6e185939-d7d7-4b17-857b-7fd1a6584b52,417532002,Allergy to fish
2018-08-05,,9f67c27e-2d18-4060-a36f-fc9f06b2af4c,0b54e768-aa83-43c8-858f-88e808427098,300916003,Latex allergy
2018-08-05,,9f67c27e-2d18-4060-a36f-fc9f06b2af4c,0b54e768-aa83-43c8-858f-88e808427098,419474003,Allergy to mould
2018-08-05,,9f67c27e-2d18-4060-a36f-fc9f06b2af4c,0b54e768-aa83-43c8-858f-88e808427098,232350006,House dust mite allergy
2018-08-05,,9f67c27e-2d18-4060-a36f-fc9f06b2af4c,0b54e768-aa83-43c8-858f-88e808427098,232347008,Dander (animal) allergy
2018-08-05,,9f67c27e-2d18-4060-a36f-fc9f06b2af4c,0b54e768-aa83-43c8-858f-88e808427098,418689008,Allergy to grass pollen
2018-08-05,,9f67c27e-2d18-4060-a36f-fc9f06b2af4c,0b54e768-aa83-43c8-858f-88e808427098,419263009,Allergy to tree pollen
2018-08-05,,9f67c27e-2d18-4060-a36f-fc9f06b2af4c,0b54e768-aa83-43c8-858f-88e808427098,425525006,Allergy to dairy product
2018-08-05,,9f67c27e-2d18-4060-a36f-fc9f06b2af4c,0b54e768-aa83-43c8-858f-88e808427098,420174000,Allergy to wheat
2018-08-05,,9f67c27e-2d18-4060-a36f-fc9f06b2af4c,0b54e768-aa83-43c8-858f-88e808427098,417532002,Allergy to fish
2003-04-09,,68bc049f-de60-4904-b711-7b3d4c1256cc,12830e6e-7b74-43c4-be64-eb2fb269f61e,419474003,Allergy to mould
2003-04-09,,68bc049f-de60-4904-b711-7b3d4c1256cc,12830e6e-7b74-43c4-be64-eb2fb269f61e,300913006,Shellfish allergy
1994-08-31,,08c2ecc8-4499-4260-bc29-2d5b68a338ed,9fcaeee8-3f1b-4d1a-b211-ff75a3cd6344,232347008,Dander (animal) allergy
1984-09-22,,55e038cf-ec3b-4bbb-b22c-bb16e8b674c2,e6990571-c8d1-47c8-89b1-b5270aafb644,300913006,Shellfish allergy
2018-02-15,,8eeca38a-db9c-4353-a825-2e7b6a2f1f7b,545cca7d-1a10-4ba1-a6d8-9cb25599a96a,419474003,Allergy to mould
2018-02-15,,8eeca38a-db9c-4353-a825-2e7b6a2f1f7b,545cca7d-1a10-4ba1-a6d8-9cb25599a96a,232350006,House dust mite allergy
2018-02-15,,8eeca38a-db9c-4353-a825-2e7b6a2f1f7b,545cca7d-1a10-4ba1-a6d8-9cb25599a96a,232347008,Dander (animal) allergy
2018-02-15,,8eeca38a-db9c-4353-a825-2e7b6a2f1f7b,545cca7d-1a10-4ba1-a6d8-9cb25599a96a,419263009,Allergy to tree pollen
2018-02-15,,8eeca38a-db9c-4353-a825-2e7b6a2f1f7b,545cca7d-1a10-4ba1-a6d8-9cb25599a96a,417532002,Allergy to fish
2018-02-15,,8eeca38a-db9c-4353-a825-2e7b6a2f1f7b,545cca7d-1a10-4ba1-a6d8-9cb25599a96a,91935009,Allergy to peanuts
1937-01-11,1953-09-03,6475cd16-e803-4d20-8928-bf8ea5f24ea1,c941e970-ba4b-4ee0-b02f-e7dca26116ae,300916003,Latex allergy
1937-01-11,,6475cd16-e803-4d20-8928-bf8ea5f24ea1,c941e970-ba4b-4ee0-b02f-e7dca26116ae,232350006,House dust mite allergy
1937-01-11,,6475cd16-e803-4d20-8928-bf8ea5f24ea1,c941e970-ba4b-4ee0-b02f-e7dca26116ae,417532002,Allergy to fish
1945-03-19,,c3dfcbf2-5bdb-4b1a-9034-a146a443dfcc,a5554177-80b8-4eb5-a851-b816f2dc02bf,232347008,Dander (animal) allergy
1945-03-19,,c3dfcbf2-5bdb-4b1a-9034-a146a443dfcc,a5554177-80b8-4eb5-a851-b816f2dc02bf,91935009,Allergy to peanuts
1997-09-28,,95adcc17-307b-43f5-a4eb-33bfada4b6ac,bc6e055e-c930-4202-9df8-c287ae67ff2a,300913006,Shellfish allergy
1989-12-15,,2db5efbc-a2cc-42ec-9606-48afc1e33819,dc59d48a-aa4f-46fd-8c36-448053db74af,419474003,Allergy to mould
2012-10-23,,ab28e95e-4ea5-4045-9a36-c6c5f6a5712b,64074635-b2aa-4d43-9c72-f7738909c5dd,424213003,Allergy to bee venom
2012-10-23,,ab28e95e-4ea5-4045-9a36-c6c5f6a5712b,64074635-b2aa-4d43-9c72-f7738909c5dd,419474003,Allergy to mould
2012-10-23,,ab28e95e-4ea5-4045-9a36-c6c5f6a5712b,64074635-b2aa-4d43-9c72-f7738909c5dd,232350006,House dust mite allergy
2012-10-23,,ab28e95e-4ea5-4045-9a36-c6c5f6a5712b,64074635-b2aa-4d43-9c72-f7738909c5dd,232347008,Dander (animal) allergy
2012-10-23,,ab28e95e-4ea5-4045-9a36-c6c5f6a5712b,64074635-b2aa-4d43-9c72-f7738909c5dd,418689008,Allergy to grass pollen
2012-10-23,,ab28e95e-4ea5-4045-9a36-c6c5f6a5712b,64074635-b2aa-4d43-9c72-f7738909c5dd,419263009,Allergy to tree pollen
2012-10-23,,ab28e95e-4ea5-4045-9a36-c6c5f6a5712b,64074635-b2aa-4d43-9c72-f7738909c5dd,91934008,Allergy to nut
1997-01-18,,b7a07966-18f4-43de-8780-75ae9cb23dc9,c66b37f4-eb19-4e7a-8f2d-a3214ca825a1,420174000,Allergy to wheat
1995-03-15,,ac17eece-920c-4f74-9e34-1b1debd64072,4e8cfe1d-8833-4823-bdda-9982903e10dd,424213003,Allergy to bee venom
1995-03-15,2011-03-31,ac17eece-920c-4f74-9e34-1b1debd64072,4e8cfe1d-8833-4823-bdda-9982903e10dd,419474003,Allergy to mould
1995-03-15,2011-03-31,ac17eece-920c-4f74-9e34-1b1debd64072,4e8cfe1d-8833-4823-bdda-9982903e10dd,232350006,House dust mite allergy
1995-03-15,2011-03-31,ac17eece-920c-4f74-9e34-1b1debd64072,4e8cfe1d-8833-4823-bdda-9982903e10dd,232347008,Dander (animal) allergy
1995-03-15,2011-03-31,ac17eece-920c-4f74-9e34-1b1debd64072,4e8cfe1d-8833-4823-bdda-9982903e10dd,418689008,Allergy to grass pollen
1995-03-15,2011-03-31,ac17eece-920c-4f74-9e34-1b1debd64072,4e8cfe1d-8833-4823-bdda-9982903e10dd,419263009,Allergy to tree pollen
1995-03-15,2012-09-22,ac17eece-920c-4f74-9e34-1b1debd64072,4e8cfe1d-8833-4823-bdda-9982903e10dd,91930004,Allergy to eggs
1995-03-15,,ac17eece-920c-4f74-9e34-1b1debd64072,4e8cfe1d-8833-4823-bdda-9982903e10dd,91935009,Allergy to peanuts
2008-03-19,,57d06e7c-0da0-4578-8b88-f4267aa71f21,9d262b82-bf28-414f-9222-6c97a97ac79e,300916003,Latex allergy
2008-03-19,,57d06e7c-0da0-4578-8b88-f4267aa71f21,9d262b82-bf28-414f-9222-6c97a97ac79e,424213003,Allergy to bee venom
2008-03-19,,57d06e7c-0da0-4578-8b88-f4267aa71f21,9d262b82-bf28-414f-9222-6c97a97ac79e,419474003,Allergy to mould
2008-03-19,,57d06e7c-0da0-4578-8b88-f4267aa71f21,9d262b82-bf28-414f-9222-6c97a97ac79e,232350006,House dust mite allergy
2008-03-19,,57d06e7c-0da0-4578-8b88-f4267aa71f21,9d262b82-bf28-414f-9222-6c97a97ac79e,232347008,Dander (animal) allergy
2008-03-19,,57d06e7c-0da0-4578-8b88-f4267aa71f21,9d262b82-bf28-414f-9222-6c97a97ac79e,418689008,Allergy to grass pollen
2008-03-19,,57d06e7c-0da0-4578-8b88-f4267aa71f21,9d262b82-bf28-414f-9222-6c97a97ac79e,419263009,Allergy to tree pollen
2008-03-19,,57d06e7c-0da0-4578-8b88-f4267aa71f21,9d262b82-bf28-414f-9222-6c97a97ac79e,420174000,Allergy to wheat
1952-11-16,,a2f16c97-325a-47e0-96d0-13bf908bf0c2,5eb38541-b23c-4a44-aed0-ced72b712a26,419474003,Allergy to mould
1952-11-16,,a2f16c97-325a-47e0-96d0-13bf908bf0c2,5eb38541-b23c-4a44-aed0-ced72b712a26,232347008,Dander (animal) allergy
2002-01-31,,c48d079d-7333-4eab-a15c-88ba36b90c05,c7bbaac7-ee15-4ea3-87e0-216a4f4511bf,300916003,Latex allergy
2002-01-31,,c48d079d-7333-4eab-a15c-88ba36b90c05,c7bbaac7-ee15-4ea3-87e0-216a4f4511bf,419474003,Allergy to mould
2002-01-31,,c48d079d-7333-4eab-a15c-88ba36b90c05,c7bbaac7-ee15-4ea3-87e0-216a4f4511bf,232347008,Dander (animal) allergy
2002-01-31,,c48d079d-7333-4eab-a15c-88ba36b90c05,c7bbaac7-ee15-4ea3-87e0-216a4f4511bf,418689008,Allergy to grass pollen
2002-01-31,,c48d079d-7333-4eab-a15c-88ba36b90c05,c7bbaac7-ee15-4ea3-87e0-216a4f4511bf,419263009,Allergy to tree pollen
2002-01-31,,c48d079d-7333-4eab-a15c-88ba36b90c05,c7bbaac7-ee15-4ea3-87e0-216a4f4511bf,425525006,Allergy to dairy product
2002-01-31,,c48d079d-7333-4eab-a15c-88ba36b90c05,c7bbaac7-ee15-4ea3-87e0-216a4f4511bf,91930004,Allergy to eggs
2002-01-31,,c48d079d-7333-4eab-a15c-88ba36b90c05,c7bbaac7-ee15-4ea3-87e0-216a4f4511bf,420174000,Allergy to wheat
1977-10-03,,00225556-a6d9-4ef3-9d14-486972f1b563,428ad117-bd73-46dc-ba3e-fa90e80563ea,419474003,Allergy to mould
1977-10-03,1993-07-06,00225556-a6d9-4ef3-9d14-486972f1b563,428ad117-bd73-46dc-ba3e-fa90e80563ea,232350006,House dust mite allergy
1977-10-03,1993-07-06,00225556-a6d9-4ef3-9d14-486972f1b563,428ad117-bd73-46dc-ba3e-fa90e80563ea,232347008,Dander (animal) allergy
1977-10-03,1993-07-06,00225556-a6d9-4ef3-9d14-486972f1b563,428ad117-bd73-46dc-ba3e-fa90e80563ea,418689008,Allergy to grass pollen
1977-10-03,1995-01-19,00225556-a6d9-4ef3-9d14-486972f1b563,428ad117-bd73-46dc-ba3e-fa90e80563ea,91930004,Allergy to eggs
2014-03-09,,0f7ce5d3-9d17-4f31-82a0-1a979774da23,87eacae4-6a71-475f-b0df-ea4e978e4141,419474003,Allergy to mould
2014-03-09,,0f7ce5d3-9d17-4f31-82a0-1a979774da23,87eacae4-6a71-475f-b0df-ea4e978e4141,232347008,Dander (animal) allergy
2014-03-09,,0f7ce5d3-9d17-4f31-82a0-1a979774da23,87eacae4-6a71-475f-b0df-ea4e978e4141,419263009,Allergy to tree pollen
2014-03-09,,0f7ce5d3-9d17-4f31-82a0-1a979774da23,87eacae4-6a71-475f-b0df-ea4e978e4141,91930004,Allergy to eggs
2014-03-09,,0f7ce5d3-9d17-4f31-82a0-1a979774da23,87eacae4-6a71-475f-b0df-ea4e978e4141,420174000,Allergy to wheat
1949-02-01,,676c147b-6b16-4116-bb8c-2f0b82dc3ae9,8d3a41c6-9e76-4c52-8167-58836516078d,419474003,Allergy to mould
1949-02-01,,676c147b-6b16-4116-bb8c-2f0b82dc3ae9,8d3a41c6-9e76-4c52-8167-58836516078d,91934008,Allergy to nut
1958-08-03,,35e679e6-6a4f-4ebb-a379-56f3ae8a82a1,512ea1cc-0c29-45fa-ae81-e905bd77c2a7,300913006,Shellfish allergy
1965-08-26,,45e58f3a-91da-495d-b566-b875ea0735e2,c66f8a9d-238e-40b0-be1d-ad1aea1298e3,424213003,Allergy to bee venom
1965-08-26,1993-07-06,45e58f3a-91da-495d-b566-b875ea0735e2,c66f8a9d-238e-40b0-be1d-ad1aea1298e3,419474003,Allergy to mould
1965-08-26,1993-07-06,45e58f3a-91da-495d-b566-b875ea0735e2,c66f8a9d-238e-40b0-be1d-ad1aea1298e3,232350006,House dust mite allergy
1965-08-26,1993-07-06,45e58f3a-91da-495d-b566-b875ea0735e2,c66f8a9d-238e-40b0-be1d-ad1aea1298e3,232347008,Dander (animal) allergy
1965-08-26,,45e58f3a-91da-495d-b566-b875ea0735e2,c66f8a9d-238e-40b0-be1d-ad1aea1298e3,418689008,Allergy to grass pollen
1965-08-26,1982-08-18,45e58f3a-91da-495d-b566-b875ea0735e2,c66f8a9d-238e-40b0-be1d-ad1aea1298e3,425525006,Allergy to dairy product
1965-08-26,,45e58f3a-91da-495d-b566-b875ea0735e2,c66f8a9d-238e-40b0-be1d-ad1aea1298e3,300913006,Shellfish allergy
1974-11-06,,242e7bc8-dcfb-47a7-b575-66df35f35759,a7c1163a-110e-4304-ab8c-ea59f2e174a2,300913006,Shellfish allergy
2000-08-26,,15c4c273-06d2-4fb4-a999-65465d3bc767,83e3c482-6dfe-41e1-bf0a-23baaabdd831,419474003,Allergy to mould
2000-08-26,,15c4c273-06d2-4fb4-a999-65465d3bc767,83e3c482-6dfe-41e1-bf0a-23baaabdd831,232350006,House dust mite allergy
2000-08-26,,15c4c273-06d2-4fb4-a999-65465d3bc767,83e3c482-6dfe-41e1-bf0a-23baaabdd831,232347008,Dander (animal) allergy
2000-08-26,,15c4c273-06d2-4fb4-a999-65465d3bc767,83e3c482-6dfe-41e1-bf0a-23baaabdd831,418689008,Allergy to grass pollen
2000-08-26,,15c4c273-06d2-4fb4-a999-65465d3bc767,83e3c482-6dfe-41e1-bf0a-23baaabdd831,419263009,Allergy to tree pollen
1919-01-02,,0630f4ae-aea7-4f91-874e-f6339050a091,26454d76-6ef6-49b1-9864-f5be2c4b4436,91935009,Allergy to peanuts
1964-03-04,,ead135ec-42f0-4a66-9405-98d6c98dda26,914c10de-afca-4f09-9826-0043dc93de67,419474003,Allergy to mould
1964-03-04,,ead135ec-42f0-4a66-9405-98d6c98dda26,914c10de-afca-4f09-9826-0043dc93de67,232350006,House dust mite allergy
1964-03-04,,ead135ec-42f0-4a66-9405-98d6c98dda26,914c10de-afca-4f09-9826-0043dc93de67,232347008,Dander (animal) allergy
1964-03-04,,ead135ec-42f0-4a66-9405-98d6c98dda26,914c10de-afca-4f09-9826-0043dc93de67,418689008,Allergy to grass pollen
1964-03-04,,ead135ec-42f0-4a66-9405-98d6c98dda26,914c10de-afca-4f09-9826-0043dc93de67,419263009,Allergy to tree pollen
2001-04-07,,d98c8efd-15fb-4a63-8990-05e1ac2cc9df,6302d9bf-4d48-4e54-adb1-3940de134b73,300916003,Latex allergy
2001-04-07,2012-09-19,d98c8efd-15fb-4a63-8990-05e1ac2cc9df,6302d9bf-4d48-4e54-adb1-3940de134b73,419474003,Allergy to mould
2001-04-07,2012-09-19,d98c8efd-15fb-4a63-8990-05e1ac2cc9df,6302d9bf-4d48-4e54-adb1-3940de134b73,232347008,Dander (animal) allergy
2001-04-07,2012-09-19,d98c8efd-15fb-4a63-8990-05e1ac2cc9df,6302d9bf-4d48-4e54-adb1-3940de134b73,418689008,Allergy to grass pollen
2001-04-07,2012-09-19,d98c8efd-15fb-4a63-8990-05e1ac2cc9df,6302d9bf-4d48-4e54-adb1-3940de134b73,419263009,Allergy to tree pollen
2013-11-10,,502ae2c5-f149-4c44-930c-a18c73d521b0,23c195e9-866d-44f9-a5c0-a5c7ec00aadf,419474003,Allergy to mould
2013-11-10,,502ae2c5-f149-4c44-930c-a18c73d521b0,23c195e9-866d-44f9-a5c0-a5c7ec00aadf,232350006,House dust mite allergy
2013-11-10,,502ae2c5-f149-4c44-930c-a18c73d521b0,23c195e9-866d-44f9-a5c0-a5c7ec00aadf,232347008,Dander (animal) allergy
2013-11-10,,502ae2c5-f149-4c44-930c-a18c73d521b0,23c195e9-866d-44f9-a5c0-a5c7ec00aadf,419263009,Allergy to tree pollen
2013-11-10,,502ae2c5-f149-4c44-930c-a18c73d521b0,23c195e9-866d-44f9-a5c0-a5c7ec00aadf,417532002,Allergy to fish
2012-08-13,,93d72d08-eb0f-485f-895d-d185d7e16e40,7a11bf47-7f09-4330-a23f-d86114a77bc1,419474003,Allergy to mould
2012-08-13,,93d72d08-eb0f-485f-895d-d185d7e16e40,7a11bf47-7f09-4330-a23f-d86114a77bc1,232350006,House dust mite allergy
2012-08-13,,93d72d08-eb0f-485f-895d-d185d7e16e40,7a11bf47-7f09-4330-a23f-d86114a77bc1,232347008,Dander (animal) allergy
2012-08-13,,93d72d08-eb0f-485f-895d-d185d7e16e40,7a11bf47-7f09-4330-a23f-d86114a77bc1,419263009,Allergy to tree pollen
2012-08-13,,93d72d08-eb0f-485f-895d-d185d7e16e40,7a11bf47-7f09-4330-a23f-d86114a77bc1,425525006,Allergy to dairy product
2010-03-29,,efaed1cc-1fea-4487-b3c0-786cdb2e6416,674c9448-0dc4-475a-a4e7-943c11e05198,419474003,Allergy to mould
2010-03-29,,efaed1cc-1fea-4487-b3c0-786cdb2e6416,674c9448-0dc4-475a-a4e7-943c11e05198,232350006,House dust mite allergy
2010-03-29,,efaed1cc-1fea-4487-b3c0-786cdb2e6416,674c9448-0dc4-475a-a4e7-943c11e05198,232347008,Dander (animal) allergy
2010-03-29,,efaed1cc-1fea-4487-b3c0-786cdb2e6416,674c9448-0dc4-475a-a4e7-943c11e05198,418689008,Allergy to grass pollen
2010-03-29,,efaed1cc-1fea-4487-b3c0-786cdb2e6416,674c9448-0dc4-475a-a4e7-943c11e05198,419263009,Allergy to tree pollen
2010-03-29,,efaed1cc-1fea-4487-b3c0-786cdb2e6416,674c9448-0dc4-475a-a4e7-943c11e05198,420174000,Allergy to wheat
2010-03-29,,efaed1cc-1fea-4487-b3c0-786cdb2e6416,674c9448-0dc4-475a-a4e7-943c11e05198,91934008,Allergy to nut
1948-09-09,1993-07-10,d711377d-5cec-4448-aa62-550790b4abe5,60e6c56c-3cbc-4d3e-af4b-234731a1af0f,419474003,Allergy to mould
1948-09-09,1993-07-10,d711377d-5cec-4448-aa62-550790b4abe5,60e6c56c-3cbc-4d3e-af4b-234731a1af0f,232347008,Dander (animal) allergy
1948-09-09,1993-07-10,d711377d-5cec-4448-aa62-550790b4abe5,60e6c56c-3cbc-4d3e-af4b-234731a1af0f,418689008,Allergy to grass pollen
1948-09-09,,d711377d-5cec-4448-aa62-550790b4abe5,60e6c56c-3cbc-4d3e-af4b-234731a1af0f,419263009,Allergy to tree pollen
1948-09-09,,d711377d-5cec-4448-aa62-550790b4abe5,60e6c56c-3cbc-4d3e-af4b-234731a1af0f,91935009,Allergy to peanuts
1976-03-31,,3deda301-fb5c-437e-bdbc-03df18795f64,85a09dd3-bbb4-44bd-a79c-1c3dc8590551,419474003,Allergy to mould
1976-03-31,1993-07-05,3deda301-fb5c-437e-bdbc-03df18795f64,85a09dd3-bbb4-44bd-a79c-1c3dc8590551,232347008,Dander (animal) allergy
1976-03-31,1993-07-05,3deda301-fb5c-437e-bdbc-03df18795f64,85a09dd3-bbb4-44bd-a79c-1c3dc8590551,418689008,Allergy to grass pollen
1976-03-31,1993-07-05,3deda301-fb5c-437e-bdbc-03df18795f64,85a09dd3-bbb4-44bd-a79c-1c3dc8590551,419263009,Allergy to tree pollen
1976-03-31,,3deda301-fb5c-437e-bdbc-03df18795f64,85a09dd3-bbb4-44bd-a79c-1c3dc8590551,91934008,Allergy to nut
1983-03-14,1999-02-11,1eef65b4-53b6-4bc4-a19d-141f3295c729,99c3f480-6a0a-40db-ab11-8042450b52a1,419474003,Allergy to mould
1983-03-14,,1eef65b4-53b6-4bc4-a19d-141f3295c729,99c3f480-6a0a-40db-ab11-8042450b52a1,300913006,Shellfish allergy
